<?xml version = '1.0' encoding = 'UTF-8'?>
<Diagram class="oracle.dbtools.crest.swingui.relational.DPVRelational" name="relational_model" id="EA9A506B-984A-D9D9-C417-552908356FFF">
<createdBy>alisa</createdBy>
<modifiedBy>alisa</modifiedBy>
<createdTime>2018-04-20 09:59:35 UTC</createdTime>
<autoRoute>false</autoRoute>
<boxInbox>true</boxInbox>
<showLegend>false</showLegend>
<showLabels>false</showLabels>
<showRelAttributes>false</showRelAttributes>
<gridEnabled>false</gridEnabled>
<showGrid>false</showGrid>
<diagramColor>-1</diagramColor>
<display>false</display>
<notation>1</notation>
<objectViews>
<OView class="oracle.dbtools.crest.swingui.relational.TVTable" oid="18EAA91E-1193-8043-EC23-BD0D0223734A" otype="Table" vid="67C1D09B-7253-03C7-6537-ADEACAE4724D">
<hideElementsInCurrentOnly>false</hideElementsInCurrentOnly>
<bounds x="20" y="416" width="237" height="193"/>
</OView>
<OView class="oracle.dbtools.crest.swingui.relational.TVTable" oid="66E41DF4-6A04-BD37-CFF1-D97F90A2F1C2" otype="Table" vid="453173B3-FAE4-B8E6-BF50-CEA80DB3250F">
<hideElementsInCurrentOnly>false</hideElementsInCurrentOnly>
<bounds x="318" y="20" width="194" height="154"/>
</OView>
<OView class="oracle.dbtools.crest.swingui.relational.TVTable" oid="88FF5311-7D23-0068-7F57-80E4CAAD0988" otype="Table" vid="06FFDC9F-771B-6D28-AF8E-0A8D3422C2C3">
<hideElementsInCurrentOnly>false</hideElementsInCurrentOnly>
<bounds x="554" y="606" width="189" height="115"/>
</OView>
<OView class="oracle.dbtools.crest.swingui.relational.TVTable" oid="9DF81D8C-B68F-1E78-014C-182BDF84DB5D" otype="Table" vid="9BC4ABBC-5A37-6DAE-83F7-F32A3FFE068A">
<hideElementsInCurrentOnly>false</hideElementsInCurrentOnly>
<bounds x="337" y="416" width="198" height="154"/>
</OView>
<OView class="oracle.dbtools.crest.swingui.relational.TVTable" oid="B8B64A89-116E-CE0B-D3FD-604757D53D89" otype="Table" vid="15D31E24-4C48-5A82-0831-326B6F54FADC">
<hideElementsInCurrentOnly>false</hideElementsInCurrentOnly>
<bounds x="592" y="20" width="170" height="70"/>
</OView>
<OView class="oracle.dbtools.crest.swingui.relational.TVTable" oid="DE328E5F-ECD3-15B3-3CE8-3CF3BF8B239D" otype="Table" vid="D85F1705-997F-06FD-1EE8-9C4FCB97DD6A">
<hideElementsInCurrentOnly>false</hideElementsInCurrentOnly>
<bounds x="612" y="287" width="201" height="154"/>
</OView>
<OView class="oracle.dbtools.crest.swingui.relational.TVTable" oid="E034D2EB-5E62-AC68-47BE-81260226F5D1" otype="Table" vid="5A129079-B38A-5E49-AF6D-D511A46D6A32">
<hideElementsInCurrentOnly>false</hideElementsInCurrentOnly>
<bounds x="318" y="234" width="219" height="122"/>
</OView>
<OView class="oracle.dbtools.crest.swingui.relational.TVTable" oid="E108547A-CE08-43B6-A830-9CD22F056650" otype="Table" vid="5D1CCD70-EF6F-D524-DAF7-A6567F88DC72">
<hideElementsInCurrentOnly>false</hideElementsInCurrentOnly>
<bounds x="298" y="759" width="170" height="70"/>
</OView>
<OView class="oracle.dbtools.crest.swingui.relational.TVTable" oid="F4F85632-EF54-BE53-41BC-6412F8ED8B4C" otype="Table" vid="29FF00EC-7F87-E387-D81B-2FC84219D758">
<hideElementsInCurrentOnly>false</hideElementsInCurrentOnly>
<bounds x="69" y="762" width="174" height="70"/>
</OView>
<OView class="oracle.dbtools.crest.swingui.relational.TVTable" oid="F61D9DFD-CE9D-5284-E1C3-C002F36D43FB" otype="Table" vid="CCB71254-1DB7-4F62-9149-F1087E2F4F77">
<hideElementsInCurrentOnly>false</hideElementsInCurrentOnly>
<bounds x="897" y="396" width="267" height="109"/>
</OView>
<OView class="oracle.dbtools.crest.swingui.relational.TVTable" oid="FFB4CB44-F59F-E477-9818-A8201D046EA6" otype="Table" vid="0A5689F9-C4DB-E9E4-E58C-7D04FD6A50C6">
<hideElementsInCurrentOnly>false</hideElementsInCurrentOnly>
<bounds x="896" y="234" width="202" height="102"/>
</OView>
</objectViews>
<connectors>
<Connector class="oracle.dbtools.crest.swingui.relational.TVFKRelation" oid="4D752272-9B12-3080-C352-2B885258D850" otype="FKIndexAssociation" vid_source="5A129079-B38A-5E49-AF6D-D511A46D6A32" vid_target="67C1D09B-7253-03C7-6537-ADEACAE4724D">
<hideElementsInCurrentOnly>false</hideElementsInCurrentOnly>
<backgroundColor>-16777216</backgroundColor>
<lineWidth>1</lineWidth>
<points>
<point x="346" y="356"/>
<point x="257" y="423"/>
</points>
</Connector>
<Connector class="oracle.dbtools.crest.swingui.relational.TVFKRelation" oid="5D9D062C-8120-A5AB-2C9A-2683792DD8C7" otype="FKIndexAssociation" vid_source="0A5689F9-C4DB-E9E4-E58C-7D04FD6A50C6" vid_target="453173B3-FAE4-B8E6-BF50-CEA80DB3250F">
<hideElementsInCurrentOnly>false</hideElementsInCurrentOnly>
<backgroundColor>-16777216</backgroundColor>
<lineWidth>1</lineWidth>
<points>
<point x="896" y="252"/>
<point x="512" y="128"/>
</points>
</Connector>
<Connector class="oracle.dbtools.crest.swingui.relational.TVFKRelation" oid="619C22E8-D545-F198-7F53-99AEEA397268" otype="FKIndexAssociation" vid_source="06FFDC9F-771B-6D28-AF8E-0A8D3422C2C3" vid_target="9BC4ABBC-5A37-6DAE-83F7-F32A3FFE068A">
<hideElementsInCurrentOnly>false</hideElementsInCurrentOnly>
<backgroundColor>-16777216</backgroundColor>
<lineWidth>1</lineWidth>
<points>
<point x="576" y="606"/>
<point x="531" y="570"/>
</points>
</Connector>
<Connector class="oracle.dbtools.crest.swingui.relational.TVFKRelation" oid="7191D3A2-5AAC-28CC-C0E6-27820960330B" otype="FKIndexAssociation" vid_source="0A5689F9-C4DB-E9E4-E58C-7D04FD6A50C6" vid_target="06FFDC9F-771B-6D28-AF8E-0A8D3422C2C3">
<hideElementsInCurrentOnly>false</hideElementsInCurrentOnly>
<backgroundColor>-16777216</backgroundColor>
<lineWidth>1</lineWidth>
<points>
<point x="950" y="336"/>
<point x="701" y="606"/>
</points>
</Connector>
<Connector class="oracle.dbtools.crest.swingui.relational.TVFKRelation" oid="93B684B5-D0BF-2A6F-AE40-EE892ED3709B" otype="FKIndexAssociation" vid_source="06FFDC9F-771B-6D28-AF8E-0A8D3422C2C3" vid_target="67C1D09B-7253-03C7-6537-ADEACAE4724D">
<hideElementsInCurrentOnly>false</hideElementsInCurrentOnly>
<backgroundColor>-16777216</backgroundColor>
<lineWidth>1</lineWidth>
<points>
<point x="554" y="607"/>
<point x="257" y="607"/>
</points>
</Connector>
<Connector class="oracle.dbtools.crest.swingui.relational.TVFKRelation" oid="998F7B3E-320F-D260-9065-BB0BBB275E8A" otype="FKIndexAssociation" vid_source="5A129079-B38A-5E49-AF6D-D511A46D6A32" vid_target="453173B3-FAE4-B8E6-BF50-CEA80DB3250F">
<hideElementsInCurrentOnly>false</hideElementsInCurrentOnly>
<backgroundColor>-16777216</backgroundColor>
<lineWidth>1</lineWidth>
<points>
<point x="415" y="234"/>
<point x="415" y="174"/>
</points>
</Connector>
<Connector class="oracle.dbtools.crest.swingui.relational.TVFKRelation" oid="D0E55618-4FD8-CE02-BEA7-3B31B857AFB5" otype="FKIndexAssociation" vid_source="CCB71254-1DB7-4F62-9149-F1087E2F4F77" vid_target="0A5689F9-C4DB-E9E4-E58C-7D04FD6A50C6">
<hideElementsInCurrentOnly>false</hideElementsInCurrentOnly>
<backgroundColor>-16777216</backgroundColor>
<lineWidth>1</lineWidth>
<points>
<point x="997" y="396"/>
<point x="997" y="336"/>
</points>
</Connector>
<Connector class="oracle.dbtools.crest.swingui.relational.TVFKRelation" oid="E75FA565-3182-0775-9D4A-BC00ABFD9A56" otype="FKIndexAssociation" vid_source="15D31E24-4C48-5A82-0831-326B6F54FADC" vid_target="453173B3-FAE4-B8E6-BF50-CEA80DB3250F">
<hideElementsInCurrentOnly>false</hideElementsInCurrentOnly>
<backgroundColor>-16777216</backgroundColor>
<lineWidth>1</lineWidth>
<points>
<point x="592" y="55"/>
<point x="512" y="55"/>
</points>
</Connector>
<Connector class="oracle.dbtools.crest.swingui.relational.TVFKRelation" oid="EDAA1665-C55A-B970-D553-F12D35A937DF" otype="FKIndexAssociation" vid_source="5A129079-B38A-5E49-AF6D-D511A46D6A32" vid_target="D85F1705-997F-06FD-1EE8-9C4FCB97DD6A">
<hideElementsInCurrentOnly>false</hideElementsInCurrentOnly>
<backgroundColor>-16777216</backgroundColor>
<lineWidth>1</lineWidth>
<points>
<point x="537" y="321"/>
<point x="612" y="321"/>
</points>
</Connector>
<Connector class="oracle.dbtools.crest.swingui.relational.TVFKRelation" oid="EE0A37DE-7F07-C1FA-A63B-E2A564485E9C" otype="FKIndexAssociation" vid_source="5A129079-B38A-5E49-AF6D-D511A46D6A32" vid_target="9BC4ABBC-5A37-6DAE-83F7-F32A3FFE068A">
<hideElementsInCurrentOnly>false</hideElementsInCurrentOnly>
<backgroundColor>-16777216</backgroundColor>
<lineWidth>1</lineWidth>
<points>
<point x="436" y="356"/>
<point x="436" y="416"/>
</points>
</Connector>
</connectors>
</Diagram>