<?xml version = '1.0' encoding = 'UTF-8'?>
<relationalModel class="oracle.dbtools.crest.model.design.relational.RelationalDesign" name="relational_model" id="E40756F5-A91C-46CD-77FB-DF3187E2425F" mainViewID="EA9A506B-984A-D9D9-C417-552908356FFF">
<createdBy>alisa</createdBy>
<createdTime>2018-04-20 09:58:57 UTC</createdTime>
<ownerDesignName>logical_model</ownerDesignName>
<shouldBeOpen>false</shouldBeOpen>
<selectedRDBMSSite>32076570-2523-435C-2E92-BF29817DFF70</selectedRDBMSSite>
<importDDLFileStamps>
<importDDLFileStamp class="oracle.dbtools.crest.imports.DDLFileStamp">
<fileName>tst.sql</fileName>
<pathName>/home/alisa/Desktop/upwork</pathName>
<dbType>9</dbType>
</importDDLFileStamp>
</importDDLFileStamps>
</relationalModel>