<?xml version = '1.0' encoding = 'UTF-8'?>
<FKIndexAssociation class="oracle.dbtools.crest.model.design.relational.FKIndexAssociation" directorySegmentName="seg_0" id="4D752272-9B12-3080-C352-2B885258D850" containerWithKeyObject="18EAA91E-1193-8043-EC23-BD0D0223734A" localFKIndex="5CA9DC83-1A9C-B650-E5B3-69BD983DA108" name="loans_patrons_fk">
<sourceDDLFile>tst.sql</sourceDDLFile>
<createdBy>alisa</createdBy>
<createdTime>2018-04-20 09:59:35 UTC</createdTime>
<ownerDesignName>logical_model</ownerDesignName>
<importedID>8FE9BD55-1A2A-0F32-9BF7-85FFF437AA11</importedID>
<referredTableLongName>patrons</referredTableLongName>
<deleteRule>CASCADE</deleteRule>
<referredTableID>E034D2EB-5E62-AC68-47BE-81260226F5D1</referredTableID>
<keyObject>61C4B8FA-5923-691D-B061-0CA17B9C574A</keyObject>
<referredKeyID>61C4B8FA-5923-691D-B061-0CA17B9C574A</referredKeyID>
<mandatory>true</mandatory>
<refColNames>id</refColNames>
<transferable>true</transferable>
<rely>false</rely>
<columnDependencyConstraintGenerateInDDL>true</columnDependencyConstraintGenerateInDDL>
</FKIndexAssociation>