<?xml version = '1.0' encoding = 'UTF-8'?>
<FKIndexAssociation class="oracle.dbtools.crest.model.design.relational.FKIndexAssociation" directorySegmentName="seg_0" id="5D9D062C-8120-A5AB-2C9A-2683792DD8C7" containerWithKeyObject="66E41DF4-6A04-BD37-CFF1-D97F90A2F1C2" localFKIndex="51C0E7B9-8C34-E43F-4D13-3770CD644A36" name="requests_items_fk">
<sourceDDLFile>tst.sql</sourceDDLFile>
<createdBy>alisa</createdBy>
<createdTime>2018-04-20 09:59:35 UTC</createdTime>
<ownerDesignName>logical_model</ownerDesignName>
<importedID>35E236B0-0AF5-6CA4-0619-6C5C03A8B902</importedID>
<referredTableLongName>items</referredTableLongName>
<deleteRule>NO ACTION</deleteRule>
<referredTableID>FFB4CB44-F59F-E477-9818-A8201D046EA6</referredTableID>
<keyObject>955A2C03-787F-4A9A-2A44-BD006BF621A4</keyObject>
<referredKeyID>955A2C03-787F-4A9A-2A44-BD006BF621A4</referredKeyID>
<mandatory>true</mandatory>
<refColNames>id</refColNames>
<transferable>true</transferable>
<rely>false</rely>
<columnDependencyConstraintGenerateInDDL>true</columnDependencyConstraintGenerateInDDL>
</FKIndexAssociation>