<?xml version = '1.0' encoding = 'UTF-8'?>
<FKIndexAssociation class="oracle.dbtools.crest.model.design.relational.FKIndexAssociation" directorySegmentName="seg_0" id="619C22E8-D545-F198-7F53-99AEEA397268" containerWithKeyObject="9DF81D8C-B68F-1E78-014C-182BDF84DB5D" localFKIndex="B09781F4-D768-99C4-EA8E-E2724143809C" name="damages_copies_fk">
<sourceDDLFile>tst.sql</sourceDDLFile>
<createdBy>alisa</createdBy>
<createdTime>2018-04-20 09:59:35 UTC</createdTime>
<ownerDesignName>logical_model</ownerDesignName>
<importedID>5D2374BB-EF91-AED1-314B-52742C911BBD</importedID>
<referredTableLongName>copies</referredTableLongName>
<deleteRule>NO ACTION</deleteRule>
<referredTableID>88FF5311-7D23-0068-7F57-80E4CAAD0988</referredTableID>
<keyObject>4144A540-D8FB-374A-F26C-5703AE4AE014</keyObject>
<referredKeyID>4144A540-D8FB-374A-F26C-5703AE4AE014</referredKeyID>
<mandatory>true</mandatory>
<refColNames>id</refColNames>
<transferable>true</transferable>
<rely>false</rely>
<columnDependencyConstraintGenerateInDDL>true</columnDependencyConstraintGenerateInDDL>
</FKIndexAssociation>