<?xml version = '1.0' encoding = 'UTF-8'?>
<FKIndexAssociation class="oracle.dbtools.crest.model.design.relational.FKIndexAssociation" directorySegmentName="seg_0" id="7191D3A2-5AAC-28CC-C0E6-27820960330B" containerWithKeyObject="88FF5311-7D23-0068-7F57-80E4CAAD0988" localFKIndex="76F90058-DEA0-2BB3-72EB-173E7D6DB3DD" name="copies_items_fk">
<sourceDDLFile>tst.sql</sourceDDLFile>
<createdBy>alisa</createdBy>
<createdTime>2018-04-20 09:59:35 UTC</createdTime>
<ownerDesignName>logical_model</ownerDesignName>
<importedID>2F6E5D17-8D9D-06E4-7208-F37308F3DA42</importedID>
<referredTableLongName>items</referredTableLongName>
<deleteRule>NO ACTION</deleteRule>
<referredTableID>FFB4CB44-F59F-E477-9818-A8201D046EA6</referredTableID>
<keyObject>955A2C03-787F-4A9A-2A44-BD006BF621A4</keyObject>
<referredKeyID>955A2C03-787F-4A9A-2A44-BD006BF621A4</referredKeyID>
<mandatory>true</mandatory>
<refColNames>id</refColNames>
<transferable>true</transferable>
<rely>false</rely>
<columnDependencyConstraintGenerateInDDL>true</columnDependencyConstraintGenerateInDDL>
</FKIndexAssociation>