<?xml version = '1.0' encoding = 'UTF-8'?>
<FKIndexAssociation class="oracle.dbtools.crest.model.design.relational.FKIndexAssociation" directorySegmentName="seg_0" id="93B684B5-D0BF-2A6F-AE40-EE892ED3709B" containerWithKeyObject="18EAA91E-1193-8043-EC23-BD0D0223734A" localFKIndex="42DA2882-3CCB-7740-CF3A-89B7C2D06C9A" name="loans_copies_fk">
<sourceDDLFile>tst.sql</sourceDDLFile>
<createdBy>alisa</createdBy>
<createdTime>2018-04-20 09:59:35 UTC</createdTime>
<ownerDesignName>logical_model</ownerDesignName>
<importedID>C5EA6084-EF24-1571-30D4-52902146FD77</importedID>
<referredTableLongName>copies</referredTableLongName>
<deleteRule>NO ACTION</deleteRule>
<referredTableID>88FF5311-7D23-0068-7F57-80E4CAAD0988</referredTableID>
<keyObject>4144A540-D8FB-374A-F26C-5703AE4AE014</keyObject>
<referredKeyID>4144A540-D8FB-374A-F26C-5703AE4AE014</referredKeyID>
<mandatory>true</mandatory>
<refColNames>id</refColNames>
<transferable>true</transferable>
<rely>false</rely>
<columnDependencyConstraintGenerateInDDL>true</columnDependencyConstraintGenerateInDDL>
</FKIndexAssociation>