<?xml version = '1.0' encoding = 'UTF-8'?>
<FKIndexAssociation class="oracle.dbtools.crest.model.design.relational.FKIndexAssociation" directorySegmentName="seg_0" id="998F7B3E-320F-D260-9065-BB0BBB275E8A" containerWithKeyObject="66E41DF4-6A04-BD37-CFF1-D97F90A2F1C2" localFKIndex="769F5AF5-2E0D-C53C-274D-6E35E378B25B" name="requests_patrons_fk">
<sourceDDLFile>tst.sql</sourceDDLFile>
<createdBy>alisa</createdBy>
<createdTime>2018-04-20 09:59:35 UTC</createdTime>
<ownerDesignName>logical_model</ownerDesignName>
<importedID>E32C7172-B87A-44A8-C183-FBFD511F822D</importedID>
<referredTableLongName>patrons</referredTableLongName>
<deleteRule>CASCADE</deleteRule>
<referredTableID>E034D2EB-5E62-AC68-47BE-81260226F5D1</referredTableID>
<keyObject>61C4B8FA-5923-691D-B061-0CA17B9C574A</keyObject>
<referredKeyID>61C4B8FA-5923-691D-B061-0CA17B9C574A</referredKeyID>
<mandatory>true</mandatory>
<refColNames>id</refColNames>
<transferable>true</transferable>
<rely>false</rely>
<columnDependencyConstraintGenerateInDDL>true</columnDependencyConstraintGenerateInDDL>
</FKIndexAssociation>