<?xml version = '1.0' encoding = 'UTF-8'?>
<FKIndexAssociation class="oracle.dbtools.crest.model.design.relational.FKIndexAssociation" directorySegmentName="seg_0" id="D0E55618-4FD8-CE02-BEA7-3B31B857AFB5" containerWithKeyObject="FFB4CB44-F59F-E477-9818-A8201D046EA6" localFKIndex="046693E3-6613-C51C-1E40-18F3237D0AFF" name="items_category_fk">
<sourceDDLFile>tst.sql</sourceDDLFile>
<createdBy>alisa</createdBy>
<createdTime>2018-04-20 09:59:35 UTC</createdTime>
<ownerDesignName>logical_model</ownerDesignName>
<importedID>CD9D6531-ED1D-BA6F-14C6-A8399BD6E32D</importedID>
<referredTableLongName>category</referredTableLongName>
<deleteRule>NO ACTION</deleteRule>
<referredTableID>F61D9DFD-CE9D-5284-E1C3-C002F36D43FB</referredTableID>
<keyObject>410B1D6E-1892-0125-031A-D4316AD57A88</keyObject>
<referredKeyID>410B1D6E-1892-0125-031A-D4316AD57A88</referredKeyID>
<mandatory>true</mandatory>
<refColNames>id</refColNames>
<transferable>true</transferable>
<rely>false</rely>
<columnDependencyConstraintGenerateInDDL>true</columnDependencyConstraintGenerateInDDL>
</FKIndexAssociation>