<?xml version = '1.0' encoding = 'UTF-8'?>
<FKIndexAssociation class="oracle.dbtools.crest.model.design.relational.FKIndexAssociation" directorySegmentName="seg_0" id="E75FA565-3182-0775-9D4A-BC00ABFD9A56" containerWithKeyObject="66E41DF4-6A04-BD37-CFF1-D97F90A2F1C2" localFKIndex="C4609D45-BC99-FA14-0B7F-21CCDB802811" name="requests_status_fk">
<sourceDDLFile>tst.sql</sourceDDLFile>
<createdBy>alisa</createdBy>
<createdTime>2018-04-20 09:59:35 UTC</createdTime>
<ownerDesignName>logical_model</ownerDesignName>
<importedID>F6FDAB6D-1AF6-A49F-1E5F-E94DAFECB066</importedID>
<referredTableLongName>dic_request_status</referredTableLongName>
<deleteRule>NO ACTION</deleteRule>
<referredTableID>B8B64A89-116E-CE0B-D3FD-604757D53D89</referredTableID>
<keyObject>9DA1E5A6-EABE-4839-4CE6-A68925B60B76</keyObject>
<referredKeyID>9DA1E5A6-EABE-4839-4CE6-A68925B60B76</referredKeyID>
<mandatory>false</mandatory>
<refColNames>id</refColNames>
<transferable>true</transferable>
<rely>false</rely>
<columnDependencyConstraintGenerateInDDL>true</columnDependencyConstraintGenerateInDDL>
</FKIndexAssociation>