<?xml version = '1.0' encoding = 'UTF-8'?>
<FKIndexAssociation class="oracle.dbtools.crest.model.design.relational.FKIndexAssociation" directorySegmentName="seg_0" id="EDAA1665-C55A-B970-D553-F12D35A937DF" containerWithKeyObject="DE328E5F-ECD3-15B3-3CE8-3CF3BF8B239D" localFKIndex="91F0B2E7-9CA0-8D40-C660-CB73EE7D5864" name="payments_patrons_fk">
<sourceDDLFile>tst.sql</sourceDDLFile>
<createdBy>alisa</createdBy>
<createdTime>2018-04-20 09:59:35 UTC</createdTime>
<ownerDesignName>logical_model</ownerDesignName>
<importedID>9ED4CD37-76A4-DFF7-8E61-9E13BC3337C7</importedID>
<referredTableLongName>patrons</referredTableLongName>
<deleteRule>NO ACTION</deleteRule>
<referredTableID>E034D2EB-5E62-AC68-47BE-81260226F5D1</referredTableID>
<keyObject>61C4B8FA-5923-691D-B061-0CA17B9C574A</keyObject>
<referredKeyID>61C4B8FA-5923-691D-B061-0CA17B9C574A</referredKeyID>
<mandatory>true</mandatory>
<refColNames>id</refColNames>
<transferable>true</transferable>
<rely>false</rely>
<columnDependencyConstraintGenerateInDDL>true</columnDependencyConstraintGenerateInDDL>
</FKIndexAssociation>