<?xml version = '1.0' encoding = 'UTF-8'?>
<FKIndexAssociation class="oracle.dbtools.crest.model.design.relational.FKIndexAssociation" directorySegmentName="seg_0" id="EE0A37DE-7F07-C1FA-A63B-E2A564485E9C" containerWithKeyObject="9DF81D8C-B68F-1E78-014C-182BDF84DB5D" localFKIndex="23596B0A-77D6-DEAE-8439-F8E2F45BEC74" name="damages_patrons_fk">
<sourceDDLFile>tst.sql</sourceDDLFile>
<createdBy>alisa</createdBy>
<createdTime>2018-04-20 09:59:35 UTC</createdTime>
<ownerDesignName>logical_model</ownerDesignName>
<importedID>EC0B7E6F-3CD9-0D80-664E-7E2182FEA0A2</importedID>
<referredTableLongName>patrons</referredTableLongName>
<deleteRule>NO ACTION</deleteRule>
<referredTableID>E034D2EB-5E62-AC68-47BE-81260226F5D1</referredTableID>
<keyObject>61C4B8FA-5923-691D-B061-0CA17B9C574A</keyObject>
<referredKeyID>61C4B8FA-5923-691D-B061-0CA17B9C574A</referredKeyID>
<mandatory>true</mandatory>
<refColNames>id</refColNames>
<transferable>true</transferable>
<rely>false</rely>
<columnDependencyConstraintGenerateInDDL>true</columnDependencyConstraintGenerateInDDL>
</FKIndexAssociation>