<?xml version = '1.0' encoding = 'UTF-8'?>
<Diagram class="oracle.dbtools.crest.swingui.logical.DPVLogical" name="Logical" id="9AA30039-53C3-344A-30E2-1B658A9402DF">
<createdBy>alisa</createdBy>
<modifiedBy>alisa</modifiedBy>
<createdTime>2018-04-20 10:02:33 UTC</createdTime>
<autoRoute>false</autoRoute>
<boxInbox>true</boxInbox>
<showLegend>false</showLegend>
<showLabels>false</showLabels>
<showRelAttributes>false</showRelAttributes>
<gridEnabled>false</gridEnabled>
<showGrid>false</showGrid>
<diagramColor>-1</diagramColor>
<display>false</display>
<notation>1</notation>
<objectViews>
<OView class="oracle.dbtools.crest.swingui.logical.TVEntity" oid="0184BC21-9F8E-C251-33A8-1CB67F61A58C" otype="Entity" vid="721E55D0-F42C-E2DD-F67C-0F7CCFD68554">
<hideElementsInCurrentOnly>false</hideElementsInCurrentOnly>
<bounds x="612" y="287" width="201" height="154"/>
</OView>
<OView class="oracle.dbtools.crest.swingui.logical.TVEntity" oid="1C9824CF-E1CA-22BA-6BA4-4AA52EE85C2D" otype="Entity" vid="4AF38020-D1B9-7C5B-7317-DD96742CDC5C">
<hideElementsInCurrentOnly>false</hideElementsInCurrentOnly>
<bounds x="318" y="20" width="194" height="154"/>
</OView>
<OView class="oracle.dbtools.crest.swingui.logical.TVEntity" oid="23AFADFD-9726-D510-94C1-DB3BFD0614C9" otype="Entity" vid="C2DA421B-1205-8115-2512-B371597EDC41">
<hideElementsInCurrentOnly>false</hideElementsInCurrentOnly>
<bounds x="318" y="234" width="219" height="122"/>
</OView>
<OView class="oracle.dbtools.crest.swingui.logical.TVEntity" oid="4510DF96-198B-A0D8-EEA7-A97156DD9E5D" otype="Entity" vid="641EBADE-E165-DAB6-CBA1-B1705DFAC381">
<hideElementsInCurrentOnly>false</hideElementsInCurrentOnly>
<bounds x="897" y="396" width="267" height="109"/>
</OView>
<OView class="oracle.dbtools.crest.swingui.logical.TVEntity" oid="4A1427A4-5B78-A1FA-88F3-F620D889D883" otype="Entity" vid="2E44A360-ABFA-6010-FE83-955241B525E0">
<hideElementsInCurrentOnly>false</hideElementsInCurrentOnly>
<bounds x="20" y="416" width="237" height="193"/>
</OView>
<OView class="oracle.dbtools.crest.swingui.logical.TVEntity" oid="55A3E112-AFF8-DE92-0E3A-E4F38C8D90B4" otype="Entity" vid="7F492472-6E3F-3EE6-E46F-385BEE743A77">
<hideElementsInCurrentOnly>false</hideElementsInCurrentOnly>
<bounds x="337" y="416" width="198" height="154"/>
</OView>
<OView class="oracle.dbtools.crest.swingui.logical.TVEntity" oid="7BF125FC-5958-1875-BD55-4867866B5DDB" otype="Entity" vid="66BC8540-3EC9-4346-C6FE-D8435190221B">
<hideElementsInCurrentOnly>false</hideElementsInCurrentOnly>
<bounds x="554" y="606" width="189" height="115"/>
</OView>
<OView class="oracle.dbtools.crest.swingui.logical.TVEntity" oid="8DBFCD39-09EE-1BDD-7D30-2BC6DD0BB895" otype="Entity" vid="7F2709ED-7EB8-ED0F-CB2B-82BAA79E8A30">
<hideElementsInCurrentOnly>false</hideElementsInCurrentOnly>
<bounds x="896" y="234" width="202" height="102"/>
</OView>
</objectViews>
<connectors>
<Connector class="oracle.dbtools.crest.swingui.logical.TVRelation" oid="128C9ABA-2C0D-F008-6F85-76428EF50668" otype="Relation" vid_source="C2DA421B-1205-8115-2512-B371597EDC41" vid_target="2E44A360-ABFA-6010-FE83-955241B525E0">
<hideElementsInCurrentOnly>false</hideElementsInCurrentOnly>
<backgroundColor>-16777216</backgroundColor>
<lineWidth>1</lineWidth>
<points>
<point x="346" y="356"/>
<point x="257" y="423"/>
</points>
</Connector>
<Connector class="oracle.dbtools.crest.swingui.logical.TVRelation" oid="2E9ABAAC-D5ED-F7A4-B562-84636B83CC16" otype="Relation" vid_source="7F2709ED-7EB8-ED0F-CB2B-82BAA79E8A30" vid_target="66BC8540-3EC9-4346-C6FE-D8435190221B">
<hideElementsInCurrentOnly>false</hideElementsInCurrentOnly>
<backgroundColor>-16777216</backgroundColor>
<lineWidth>1</lineWidth>
<points>
<point x="950" y="336"/>
<point x="701" y="606"/>
</points>
</Connector>
<Connector class="oracle.dbtools.crest.swingui.logical.TVRelation" oid="32D523B4-75FD-F617-8804-1BE3CC9712B7" otype="Relation" vid_source="C2DA421B-1205-8115-2512-B371597EDC41" vid_target="721E55D0-F42C-E2DD-F67C-0F7CCFD68554">
<hideElementsInCurrentOnly>false</hideElementsInCurrentOnly>
<backgroundColor>-16777216</backgroundColor>
<lineWidth>1</lineWidth>
<points>
<point x="537" y="321"/>
<point x="612" y="321"/>
</points>
</Connector>
<Connector class="oracle.dbtools.crest.swingui.logical.TVRelation" oid="3AAF9A3A-2D13-EED9-C383-0C8D6DEBC6EB" otype="Relation" vid_source="C2DA421B-1205-8115-2512-B371597EDC41" vid_target="4AF38020-D1B9-7C5B-7317-DD96742CDC5C">
<hideElementsInCurrentOnly>false</hideElementsInCurrentOnly>
<backgroundColor>-16777216</backgroundColor>
<lineWidth>1</lineWidth>
<points>
<point x="415" y="234"/>
<point x="415" y="174"/>
</points>
</Connector>
<Connector class="oracle.dbtools.crest.swingui.logical.TVRelation" oid="498C4615-D529-BB7F-698A-986D91651D07" otype="Relation" vid_source="641EBADE-E165-DAB6-CBA1-B1705DFAC381" vid_target="7F2709ED-7EB8-ED0F-CB2B-82BAA79E8A30">
<hideElementsInCurrentOnly>false</hideElementsInCurrentOnly>
<backgroundColor>-16777216</backgroundColor>
<lineWidth>1</lineWidth>
<points>
<point x="997" y="396"/>
<point x="997" y="336"/>
</points>
</Connector>
<Connector class="oracle.dbtools.crest.swingui.logical.TVRelation" oid="7D0C55FF-2600-ECC8-D01D-67030C1DD04B" otype="Relation" vid_source="C2DA421B-1205-8115-2512-B371597EDC41" vid_target="7F492472-6E3F-3EE6-E46F-385BEE743A77">
<hideElementsInCurrentOnly>false</hideElementsInCurrentOnly>
<backgroundColor>-16777216</backgroundColor>
<lineWidth>1</lineWidth>
<points>
<point x="436" y="356"/>
<point x="436" y="416"/>
</points>
</Connector>
<Connector class="oracle.dbtools.crest.swingui.logical.TVRelation" oid="8084F07B-CC96-69DA-8B2C-1ED5AE944FD3" otype="Relation" vid_source="66BC8540-3EC9-4346-C6FE-D8435190221B" vid_target="2E44A360-ABFA-6010-FE83-955241B525E0">
<hideElementsInCurrentOnly>false</hideElementsInCurrentOnly>
<backgroundColor>-16777216</backgroundColor>
<lineWidth>1</lineWidth>
<points>
<point x="554" y="607"/>
<point x="257" y="607"/>
</points>
</Connector>
<Connector class="oracle.dbtools.crest.swingui.logical.TVRelation" oid="A67B6705-0F19-3F89-8245-6F6EDB91B4A7" otype="Relation" vid_source="7F2709ED-7EB8-ED0F-CB2B-82BAA79E8A30" vid_target="4AF38020-D1B9-7C5B-7317-DD96742CDC5C">
<hideElementsInCurrentOnly>false</hideElementsInCurrentOnly>
<backgroundColor>-16777216</backgroundColor>
<lineWidth>1</lineWidth>
<points>
<point x="896" y="252"/>
<point x="512" y="128"/>
</points>
</Connector>
<Connector class="oracle.dbtools.crest.swingui.logical.TVRelation" oid="AD46783C-5F96-4347-9A7F-07C37EAE1F1E" otype="Relation" vid_source="66BC8540-3EC9-4346-C6FE-D8435190221B" vid_target="7F492472-6E3F-3EE6-E46F-385BEE743A77">
<hideElementsInCurrentOnly>false</hideElementsInCurrentOnly>
<backgroundColor>-16777216</backgroundColor>
<lineWidth>1</lineWidth>
<points>
<point x="576" y="606"/>
<point x="531" y="570"/>
</points>
</Connector>
</connectors>
</Diagram>