<?xml version = '1.0' encoding = 'UTF-8'?>
<Table class="oracle.dbtools.crest.model.design.relational.Table" directorySegmentName="seg_0" id="18EAA91E-1193-8043-EC23-BD0D0223734A" name="loans">
<sourceDDLFile>tst.sql</sourceDDLFile>
<createdBy>alisa</createdBy>
<createdTime>2018-04-20 09:59:35 UTC</createdTime>
<ownerDesignName>logical_model</ownerDesignName>
<importedID>D0AD9B99-6451-2687-5B2B-2C2B52F35A01</importedID>
<allowColumnReorder>false</allowColumnReorder>
<existDependencyGenerateInDDl>true</existDependencyGenerateInDDl>
<parsed>true</parsed>
<columns itemClass="oracle.dbtools.crest.model.design.relational.Column">
<Column name="id" id="6BB48117-7070-D4AF-FCE8-659E699F076F">
<sourceDDLFile>tst.sql</sourceDDLFile>
<createdBy>alisa</createdBy>
<createdTime>2018-04-20 09:59:35 UTC</createdTime>
<ownerDesignName>logical_model</ownerDesignName>
<importedID>2193971F-E10B-C89F-28E2-238E2F147BF4</importedID>
<use>0</use>
<logicalDatatype>LOGDT011</logicalDatatype>
<domain>F8F68991-DE88-D5C9-DDF4-C7ADE06483C1</domain>
<ownDataTypeParameters>,,</ownDataTypeParameters>
<autoIncrementCycle>false</autoIncrementCycle>
</Column>
<Column name="start_date" id="5E65C3F5-5D86-6A0D-A773-BDC72D473938">
<sourceDDLFile>tst.sql</sourceDDLFile>
<createdBy>alisa</createdBy>
<createdTime>2018-04-20 09:59:35 UTC</createdTime>
<ownerDesignName>logical_model</ownerDesignName>
<importedID>ED541043-3DEF-D747-24F7-4239F44D497C</importedID>
<use>0</use>
<logicalDatatype>LOGDT007</logicalDatatype>
<domain>67DE35D5-D4CA-0CDE-D4E3-33876C152249</domain>
<defaultValue>SYSDATE</defaultValue>
<ownDataTypeParameters>,,</ownDataTypeParameters>
<autoIncrementCycle>false</autoIncrementCycle>
</Column>
<Column name="due_date" id="058FA208-459A-4A4C-E2CB-67EA8DFA9303">
<sourceDDLFile>tst.sql</sourceDDLFile>
<createdBy>alisa</createdBy>
<createdTime>2018-04-20 09:59:35 UTC</createdTime>
<ownerDesignName>logical_model</ownerDesignName>
<importedID>82F8212F-FC1C-6E89-B35D-E53A6EF0F93F</importedID>
<use>0</use>
<logicalDatatype>LOGDT007</logicalDatatype>
<domain>67DE35D5-D4CA-0CDE-D4E3-33876C152249</domain>
<ownDataTypeParameters>,,</ownDataTypeParameters>
<autoIncrementCycle>false</autoIncrementCycle>
</Column>
<Column name="actual_return_date" id="B5B5B908-9917-9D50-B5BB-3039F1193501">
<sourceDDLFile>tst.sql</sourceDDLFile>
<createdBy>alisa</createdBy>
<createdTime>2018-04-20 09:59:35 UTC</createdTime>
<ownerDesignName>logical_model</ownerDesignName>
<importedID>19999864-1E29-77B8-1BC5-9EFFA345EEBE</importedID>
<nullsAllowed>true</nullsAllowed>
<use>0</use>
<logicalDatatype>LOGDT007</logicalDatatype>
<domain>67DE35D5-D4CA-0CDE-D4E3-33876C152249</domain>
<ownDataTypeParameters>,,</ownDataTypeParameters>
<autoIncrementCycle>false</autoIncrementCycle>
</Column>
<Column name="patrons_id" id="365A9086-88B2-497D-7106-0658365CEC35">
<sourceDDLFile>tst.sql</sourceDDLFile>
<createdBy>alisa</createdBy>
<createdTime>2018-04-20 09:59:35 UTC</createdTime>
<ownerDesignName>logical_model</ownerDesignName>
<importedID>5F3AD629-F92A-138F-D262-CCB7362AEF45</importedID>
<use>0</use>
<logicalDatatype>LOGDT011</logicalDatatype>
<domain>F8F68991-DE88-D5C9-DDF4-C7ADE06483C1</domain>
<ownDataTypeParameters>,,</ownDataTypeParameters>
<autoIncrementCycle>false</autoIncrementCycle>
<associations>
<colAssociation fkAssociation="4D752272-9B12-3080-C352-2B885258D850" referredColumn="FE2A33B5-8BC8-14C1-4770-096B4608A993"/>
</associations>
</Column>
<Column name="copies_id" id="054ABC53-4DB1-E128-11BF-540480CF9D7F">
<sourceDDLFile>tst.sql</sourceDDLFile>
<createdBy>alisa</createdBy>
<createdTime>2018-04-20 09:59:35 UTC</createdTime>
<ownerDesignName>logical_model</ownerDesignName>
<importedID>AEBA14EE-3A7A-0F2B-4609-183CBD21FE12</importedID>
<use>0</use>
<logicalDatatype>LOGDT011</logicalDatatype>
<domain>F8F68991-DE88-D5C9-DDF4-C7ADE06483C1</domain>
<ownDataTypeParameters>,,</ownDataTypeParameters>
<autoIncrementCycle>false</autoIncrementCycle>
<associations>
<colAssociation fkAssociation="93B684B5-D0BF-2A6F-AE40-EE892ED3709B" referredColumn="B1EBC139-1128-49D7-A4DB-8E4D253C81A2"/>
</associations>
</Column>
<Column name="details" id="388267BA-527F-B62B-F65E-F50DC23DE5B6">
<sourceDDLFile>tst.sql</sourceDDLFile>
<createdBy>alisa</createdBy>
<createdTime>2018-04-20 09:59:35 UTC</createdTime>
<commentInRDBMS>Fills upon return or cancel</commentInRDBMS>
<ownerDesignName>logical_model</ownerDesignName>
<importedID>D5658B53-1F3E-7A57-6B08-F076EC0272E8</importedID>
<nullsAllowed>true</nullsAllowed>
<use>0</use>
<logicalDatatype>LOGDT024</logicalDatatype>
<domain>58A341C6-510B-3AC9-FE26-764EB9E9FD37</domain>
<ownDataTypeParameters>,,</ownDataTypeParameters>
<autoIncrementCycle>false</autoIncrementCycle>
</Column>
<Column name="condition" id="BE9E69BB-F059-F16F-055D-493DE055ADD0">
<sourceDDLFile>tst.sql</sourceDDLFile>
<createdBy>alisa</createdBy>
<createdTime>2018-04-20 09:59:35 UTC</createdTime>
<ownerDesignName>logical_model</ownerDesignName>
<importedID>62118D57-927F-36C7-2A34-BA9D27912302</importedID>
<nullsAllowed>true</nullsAllowed>
<use>0</use>
<logicalDatatype>LOGDT011</logicalDatatype>
<domain>F8F68991-DE88-D5C9-DDF4-C7ADE06483C1</domain>
<ownDataTypeParameters>,,</ownDataTypeParameters>
<autoIncrementCycle>false</autoIncrementCycle>
</Column>
<Column name="renewals_used" id="054AD6AE-BA2D-7F1A-E939-BD3AFDAAFB80">
<sourceDDLFile>tst.sql</sourceDDLFile>
<createdBy>alisa</createdBy>
<createdTime>2018-04-20 09:59:35 UTC</createdTime>
<ownerDesignName>logical_model</ownerDesignName>
<importedID>985A39CE-6979-30F1-6E80-99384404563B</importedID>
<nullsAllowed>true</nullsAllowed>
<use>0</use>
<logicalDatatype>LOGDT011</logicalDatatype>
<domain>F8F68991-DE88-D5C9-DDF4-C7ADE06483C1</domain>
<defaultValue>0</defaultValue>
<ownDataTypeParameters>,,</ownDataTypeParameters>
<autoIncrementCycle>false</autoIncrementCycle>
</Column>
</columns>
<indexes itemClass="oracle.dbtools.crest.model.design.relational.Index">
<ind_PK_UK id="61D1C088-8975-F3B8-B78F-8209EF31BCC9" name="loans_pk">
<sourceDDLFile>tst.sql</sourceDDLFile>
<createdBy>alisa</createdBy>
<createdTime>2018-04-20 09:59:35 UTC</createdTime>
<ownerDesignName>logical_model</ownerDesignName>
<importedID>3AA2C20A-A4C8-D13B-0639-0283855589B8</importedID>
<pk>true</pk>
<indexState>Primary Constraint</indexState>
<isSurrogateKey>false</isSurrogateKey>
<indexColumnUsage>
<colUsage columnID="6BB48117-7070-D4AF-FCE8-659E699F076F"/>
</indexColumnUsage>
</ind_PK_UK>
<ind_PK_UK id="42DA2882-3CCB-7740-CF3A-89B7C2D06C9A" name="loans_copies_fk">
<createdBy>alisa</createdBy>
<createdTime>2018-04-20 09:59:35 UTC</createdTime>
<ownerDesignName>logical_model</ownerDesignName>
<indexState>Foreign Key</indexState>
<isSurrogateKey>false</isSurrogateKey>
<indexColumnUsage>
<colUsage columnID="054ABC53-4DB1-E128-11BF-540480CF9D7F"/>
</indexColumnUsage>
</ind_PK_UK>
<ind_PK_UK id="5CA9DC83-1A9C-B650-E5B3-69BD983DA108" name="loans_patrons_fk">
<createdBy>alisa</createdBy>
<createdTime>2018-04-20 09:59:35 UTC</createdTime>
<ownerDesignName>logical_model</ownerDesignName>
<indexState>Foreign Key</indexState>
<isSurrogateKey>false</isSurrogateKey>
<indexColumnUsage>
<colUsage columnID="365A9086-88B2-497D-7106-0658365CEC35"/>
</indexColumnUsage>
</ind_PK_UK>
</indexes>
</Table>