<?xml version = '1.0' encoding = 'UTF-8'?>
<Table class="oracle.dbtools.crest.model.design.relational.Table" directorySegmentName="seg_0" id="66E41DF4-6A04-BD37-CFF1-D97F90A2F1C2" name="requests">
<sourceDDLFile>tst.sql</sourceDDLFile>
<createdBy>alisa</createdBy>
<createdTime>2018-04-20 09:59:35 UTC</createdTime>
<ownerDesignName>logical_model</ownerDesignName>
<importedID>E45F175C-0845-A631-D94D-1792393928D8</importedID>
<allowColumnReorder>false</allowColumnReorder>
<existDependencyGenerateInDDl>true</existDependencyGenerateInDDl>
<parsed>true</parsed>
<columns itemClass="oracle.dbtools.crest.model.design.relational.Column">
<Column name="id" id="9EF2DABA-D17F-FC1A-C0C5-8B27D12F3676">
<sourceDDLFile>tst.sql</sourceDDLFile>
<createdBy>alisa</createdBy>
<createdTime>2018-04-20 09:59:35 UTC</createdTime>
<ownerDesignName>logical_model</ownerDesignName>
<importedID>3CF8E5D6-185C-6CBB-B035-452AD2250FFE</importedID>
<use>0</use>
<logicalDatatype>LOGDT011</logicalDatatype>
<domain>F8F68991-DE88-D5C9-DDF4-C7ADE06483C1</domain>
<ownDataTypeParameters>,,</ownDataTypeParameters>
<autoIncrementCycle>false</autoIncrementCycle>
</Column>
<Column name="date_add" id="2C5324D4-49B4-4F19-FCD9-981CA17A5C3D">
<sourceDDLFile>tst.sql</sourceDDLFile>
<createdBy>alisa</createdBy>
<createdTime>2018-04-20 09:59:35 UTC</createdTime>
<ownerDesignName>logical_model</ownerDesignName>
<importedID>2827C75E-43F9-4395-0D38-118A99707B2D</importedID>
<use>0</use>
<logicalDatatype>LOGDT007</logicalDatatype>
<domain>67DE35D5-D4CA-0CDE-D4E3-33876C152249</domain>
<defaultValue>SYSDATE</defaultValue>
<ownDataTypeParameters>,,</ownDataTypeParameters>
<autoIncrementCycle>false</autoIncrementCycle>
</Column>
<Column name="patrons_id" id="21A8254E-9859-EB94-EB1F-F87CA4DD7741">
<sourceDDLFile>tst.sql</sourceDDLFile>
<createdBy>alisa</createdBy>
<createdTime>2018-04-20 09:59:35 UTC</createdTime>
<ownerDesignName>logical_model</ownerDesignName>
<importedID>B3372FA5-C0ED-C97D-07B2-9FB1CFE953CB</importedID>
<use>0</use>
<logicalDatatype>LOGDT011</logicalDatatype>
<domain>F8F68991-DE88-D5C9-DDF4-C7ADE06483C1</domain>
<ownDataTypeParameters>,,</ownDataTypeParameters>
<autoIncrementCycle>false</autoIncrementCycle>
<associations>
<colAssociation fkAssociation="998F7B3E-320F-D260-9065-BB0BBB275E8A" referredColumn="FE2A33B5-8BC8-14C1-4770-096B4608A993"/>
</associations>
</Column>
<Column name="items_id" id="9C7ABDEA-8BBD-EBBF-2BA7-B988A0D34909">
<sourceDDLFile>tst.sql</sourceDDLFile>
<createdBy>alisa</createdBy>
<createdTime>2018-04-20 09:59:35 UTC</createdTime>
<ownerDesignName>logical_model</ownerDesignName>
<importedID>1993A109-A529-46DC-3529-ECB9CF4C5F0A</importedID>
<use>0</use>
<logicalDatatype>LOGDT011</logicalDatatype>
<domain>F8F68991-DE88-D5C9-DDF4-C7ADE06483C1</domain>
<ownDataTypeParameters>,,</ownDataTypeParameters>
<autoIncrementCycle>false</autoIncrementCycle>
<associations>
<colAssociation fkAssociation="5D9D062C-8120-A5AB-2C9A-2683792DD8C7" referredColumn="8F6F40BE-10CF-7165-A76F-8531F7F1F390"/>
</associations>
</Column>
<Column name="status" id="B8166B8C-C9ED-36A5-A775-2F95FC2A50F7">
<sourceDDLFile>tst.sql</sourceDDLFile>
<createdBy>alisa</createdBy>
<createdTime>2018-04-20 09:59:35 UTC</createdTime>
<ownerDesignName>logical_model</ownerDesignName>
<importedID>CCD946C2-9DCF-C7AB-EC77-F106E85E7A0B</importedID>
<nullsAllowed>true</nullsAllowed>
<use>0</use>
<logicalDatatype>LOGDT011</logicalDatatype>
<domain>F8F68991-DE88-D5C9-DDF4-C7ADE06483C1</domain>
<ownDataTypeParameters>,,</ownDataTypeParameters>
<autoIncrementCycle>false</autoIncrementCycle>
<associations>
<colAssociation fkAssociation="E75FA565-3182-0775-9D4A-BC00ABFD9A56" referredColumn="7BF842E5-B6EC-3BA6-66CA-F014FC1AF23E"/>
</associations>
</Column>
</columns>
<indexes itemClass="oracle.dbtools.crest.model.design.relational.Index">
<ind_PK_UK id="3B6991F2-4282-6988-6FFF-ABC1B7F7AC65" name="requests_pk">
<sourceDDLFile>tst.sql</sourceDDLFile>
<createdBy>alisa</createdBy>
<createdTime>2018-04-20 09:59:35 UTC</createdTime>
<ownerDesignName>logical_model</ownerDesignName>
<importedID>32F14DB8-FC37-88DC-6327-F61D580112BD</importedID>
<pk>true</pk>
<indexState>Primary Constraint</indexState>
<isSurrogateKey>false</isSurrogateKey>
<indexColumnUsage>
<colUsage columnID="9EF2DABA-D17F-FC1A-C0C5-8B27D12F3676"/>
</indexColumnUsage>
</ind_PK_UK>
<ind_PK_UK id="51C0E7B9-8C34-E43F-4D13-3770CD644A36" name="requests_items_fk">
<createdBy>alisa</createdBy>
<createdTime>2018-04-20 09:59:35 UTC</createdTime>
<ownerDesignName>logical_model</ownerDesignName>
<indexState>Foreign Key</indexState>
<isSurrogateKey>false</isSurrogateKey>
<indexColumnUsage>
<colUsage columnID="9C7ABDEA-8BBD-EBBF-2BA7-B988A0D34909"/>
</indexColumnUsage>
</ind_PK_UK>
<ind_PK_UK id="769F5AF5-2E0D-C53C-274D-6E35E378B25B" name="requests_patrons_fk">
<createdBy>alisa</createdBy>
<createdTime>2018-04-20 09:59:35 UTC</createdTime>
<ownerDesignName>logical_model</ownerDesignName>
<indexState>Foreign Key</indexState>
<isSurrogateKey>false</isSurrogateKey>
<indexColumnUsage>
<colUsage columnID="21A8254E-9859-EB94-EB1F-F87CA4DD7741"/>
</indexColumnUsage>
</ind_PK_UK>
<ind_PK_UK id="C4609D45-BC99-FA14-0B7F-21CCDB802811" name="requests_status_fk">
<createdBy>alisa</createdBy>
<createdTime>2018-04-20 09:59:35 UTC</createdTime>
<ownerDesignName>logical_model</ownerDesignName>
<indexState>Foreign Key</indexState>
<isSurrogateKey>false</isSurrogateKey>
<indexColumnUsage>
<colUsage columnID="B8166B8C-C9ED-36A5-A775-2F95FC2A50F7"/>
</indexColumnUsage>
</ind_PK_UK>
</indexes>
</Table>