<?xml version = '1.0' encoding = 'UTF-8'?>
<Table class="oracle.dbtools.crest.model.design.relational.Table" directorySegmentName="seg_0" id="9DF81D8C-B68F-1E78-014C-182BDF84DB5D" name="damages">
<sourceDDLFile>tst.sql</sourceDDLFile>
<createdBy>alisa</createdBy>
<createdTime>2018-04-20 09:59:35 UTC</createdTime>
<ownerDesignName>logical_model</ownerDesignName>
<importedID>8E245B50-BA20-C01F-AFBE-911A6830C2E6</importedID>
<allowColumnReorder>false</allowColumnReorder>
<existDependencyGenerateInDDl>true</existDependencyGenerateInDDl>
<parsed>true</parsed>
<columns itemClass="oracle.dbtools.crest.model.design.relational.Column">
<Column name="id" id="8EF0B0C9-90A8-71CF-B8EB-3E6A425E5B6A">
<sourceDDLFile>tst.sql</sourceDDLFile>
<createdBy>alisa</createdBy>
<createdTime>2018-04-20 09:59:35 UTC</createdTime>
<ownerDesignName>logical_model</ownerDesignName>
<importedID>B14F10E7-B1CE-47A7-648A-E235A3E3ABB6</importedID>
<use>0</use>
<logicalDatatype>LOGDT011</logicalDatatype>
<domain>F8F68991-DE88-D5C9-DDF4-C7ADE06483C1</domain>
<ownDataTypeParameters>,,</ownDataTypeParameters>
<autoIncrementCycle>false</autoIncrementCycle>
</Column>
<Column name="copies_id" id="E23507DB-B47A-1C47-D088-92A81094FF5C">
<sourceDDLFile>tst.sql</sourceDDLFile>
<createdBy>alisa</createdBy>
<createdTime>2018-04-20 09:59:35 UTC</createdTime>
<ownerDesignName>logical_model</ownerDesignName>
<importedID>CB430AD8-2DB7-6D41-AA9D-543D67B0B891</importedID>
<use>0</use>
<logicalDatatype>LOGDT011</logicalDatatype>
<domain>F8F68991-DE88-D5C9-DDF4-C7ADE06483C1</domain>
<ownDataTypeParameters>,,</ownDataTypeParameters>
<autoIncrementCycle>false</autoIncrementCycle>
<associations>
<colAssociation fkAssociation="619C22E8-D545-F198-7F53-99AEEA397268" referredColumn="B1EBC139-1128-49D7-A4DB-8E4D253C81A2"/>
</associations>
</Column>
<Column name="description" id="6D13FF00-A08A-9F7A-C3C1-90A6B7689A42">
<sourceDDLFile>tst.sql</sourceDDLFile>
<createdBy>alisa</createdBy>
<createdTime>2018-04-20 09:59:35 UTC</createdTime>
<ownerDesignName>logical_model</ownerDesignName>
<importedID>A4E14C6F-23C6-941B-9E3A-785B4358C305</importedID>
<nullsAllowed>true</nullsAllowed>
<use>0</use>
<logicalDatatype>LOGDT024</logicalDatatype>
<domain>DE7D4135-FCAD-2845-FBCD-C1CC49249DBF</domain>
<ownDataTypeParameters>,,</ownDataTypeParameters>
<autoIncrementCycle>false</autoIncrementCycle>
</Column>
<Column name="patrons_id" id="2C0317CD-8F79-1CEE-7EDD-8B95579F7476">
<sourceDDLFile>tst.sql</sourceDDLFile>
<createdBy>alisa</createdBy>
<createdTime>2018-04-20 09:59:35 UTC</createdTime>
<ownerDesignName>logical_model</ownerDesignName>
<importedID>4AFE03E8-784C-3C9D-E8EA-577F831D3722</importedID>
<use>0</use>
<logicalDatatype>LOGDT011</logicalDatatype>
<domain>F8F68991-DE88-D5C9-DDF4-C7ADE06483C1</domain>
<ownDataTypeParameters>,,</ownDataTypeParameters>
<autoIncrementCycle>false</autoIncrementCycle>
<associations>
<colAssociation fkAssociation="EE0A37DE-7F07-C1FA-A63B-E2A564485E9C" referredColumn="FE2A33B5-8BC8-14C1-4770-096B4608A993"/>
</associations>
</Column>
<Column name="condition" id="8F68E561-8DF1-4208-DEA1-9C224ED7990B">
<sourceDDLFile>tst.sql</sourceDDLFile>
<createdBy>alisa</createdBy>
<createdTime>2018-04-20 09:59:35 UTC</createdTime>
<ownerDesignName>logical_model</ownerDesignName>
<importedID>C172FF36-3095-09E3-8C82-F96AC8CEA9E9</importedID>
<use>0</use>
<logicalDatatype>LOGDT011</logicalDatatype>
<domain>F8F68991-DE88-D5C9-DDF4-C7ADE06483C1</domain>
<ownDataTypeParameters>,,</ownDataTypeParameters>
<autoIncrementCycle>false</autoIncrementCycle>
</Column>
<Column name="fine" id="7FD868EF-792E-11AB-01EA-5BD8590F5B40">
<sourceDDLFile>tst.sql</sourceDDLFile>
<createdBy>alisa</createdBy>
<createdTime>2018-04-20 09:59:35 UTC</createdTime>
<ownerDesignName>logical_model</ownerDesignName>
<importedID>B0794A8B-4DDA-2F1A-394C-92904E86889F</importedID>
<nullsAllowed>true</nullsAllowed>
<use>0</use>
<logicalDatatype>LOGDT019</logicalDatatype>
<domain>7FC8BB99-2774-6650-696A-0A64D629266E</domain>
<ownDataTypeParameters>,,</ownDataTypeParameters>
<autoIncrementCycle>false</autoIncrementCycle>
</Column>
</columns>
<indexes itemClass="oracle.dbtools.crest.model.design.relational.Index">
<ind_PK_UK id="A01988A7-EE07-CC04-7140-A867828D2A8F" name="damages_pk">
<sourceDDLFile>tst.sql</sourceDDLFile>
<createdBy>alisa</createdBy>
<createdTime>2018-04-20 09:59:35 UTC</createdTime>
<ownerDesignName>logical_model</ownerDesignName>
<importedID>E774468E-CF6B-7713-66A4-A2435BB0C2AA</importedID>
<pk>true</pk>
<indexState>Primary Constraint</indexState>
<isSurrogateKey>false</isSurrogateKey>
<indexColumnUsage>
<colUsage columnID="8EF0B0C9-90A8-71CF-B8EB-3E6A425E5B6A"/>
</indexColumnUsage>
</ind_PK_UK>
<ind_PK_UK id="B09781F4-D768-99C4-EA8E-E2724143809C" name="damages_copies_fk">
<createdBy>alisa</createdBy>
<createdTime>2018-04-20 09:59:35 UTC</createdTime>
<ownerDesignName>logical_model</ownerDesignName>
<indexState>Foreign Key</indexState>
<isSurrogateKey>false</isSurrogateKey>
<indexColumnUsage>
<colUsage columnID="E23507DB-B47A-1C47-D088-92A81094FF5C"/>
</indexColumnUsage>
</ind_PK_UK>
<ind_PK_UK id="23596B0A-77D6-DEAE-8439-F8E2F45BEC74" name="damages_patrons_fk">
<createdBy>alisa</createdBy>
<createdTime>2018-04-20 09:59:35 UTC</createdTime>
<ownerDesignName>logical_model</ownerDesignName>
<indexState>Foreign Key</indexState>
<isSurrogateKey>false</isSurrogateKey>
<indexColumnUsage>
<colUsage columnID="2C0317CD-8F79-1CEE-7EDD-8B95579F7476"/>
</indexColumnUsage>
</ind_PK_UK>
</indexes>
</Table>