<?xml version = '1.0' encoding = 'UTF-8'?>
<Table class="oracle.dbtools.crest.model.design.relational.Table" directorySegmentName="seg_0" id="B8B64A89-116E-CE0B-D3FD-604757D53D89" name="dic_request_status">
<sourceDDLFile>tst.sql</sourceDDLFile>
<createdBy>alisa</createdBy>
<createdTime>2018-04-20 09:59:35 UTC</createdTime>
<ownerDesignName>logical_model</ownerDesignName>
<importedID>1271D0D2-FE39-D56D-AECD-432902C23FD4</importedID>
<allowColumnReorder>false</allowColumnReorder>
<existDependencyGenerateInDDl>true</existDependencyGenerateInDDl>
<parsed>true</parsed>
<columns itemClass="oracle.dbtools.crest.model.design.relational.Column">
<Column name="id" id="7BF842E5-B6EC-3BA6-66CA-F014FC1AF23E">
<sourceDDLFile>tst.sql</sourceDDLFile>
<createdBy>alisa</createdBy>
<createdTime>2018-04-20 09:59:35 UTC</createdTime>
<ownerDesignName>logical_model</ownerDesignName>
<importedID>1D5A6905-C723-416B-E30A-69F83A852822</importedID>
<use>0</use>
<logicalDatatype>LOGDT011</logicalDatatype>
<domain>F8F68991-DE88-D5C9-DDF4-C7ADE06483C1</domain>
<ownDataTypeParameters>,,</ownDataTypeParameters>
<autoIncrementCycle>false</autoIncrementCycle>
</Column>
<Column name="status" id="00478F9E-BBFB-332D-2781-90EAD97E933B">
<sourceDDLFile>tst.sql</sourceDDLFile>
<createdBy>alisa</createdBy>
<createdTime>2018-04-20 09:59:35 UTC</createdTime>
<ownerDesignName>logical_model</ownerDesignName>
<importedID>5DEDC86D-52BA-0CC7-7F21-32B10D95B778</importedID>
<use>0</use>
<logicalDatatype>LOGDT024</logicalDatatype>
<domain>F24BF842-7680-F8CF-D542-602521E3362B</domain>
<ownDataTypeParameters>,,</ownDataTypeParameters>
<autoIncrementCycle>false</autoIncrementCycle>
</Column>
</columns>
<indexes itemClass="oracle.dbtools.crest.model.design.relational.Index">
<ind_PK_UK id="9DA1E5A6-EABE-4839-4CE6-A68925B60B76" name="dic_request_status_pk">
<sourceDDLFile>tst.sql</sourceDDLFile>
<createdBy>alisa</createdBy>
<createdTime>2018-04-20 09:59:35 UTC</createdTime>
<ownerDesignName>logical_model</ownerDesignName>
<importedID>D22682D6-5F89-0E04-E228-2354FFAAB6AB</importedID>
<pk>true</pk>
<indexState>Primary Constraint</indexState>
<isSurrogateKey>false</isSurrogateKey>
<indexColumnUsage>
<colUsage columnID="7BF842E5-B6EC-3BA6-66CA-F014FC1AF23E"/>
</indexColumnUsage>
</ind_PK_UK>
</indexes>
</Table>