<?xml version = '1.0' encoding = 'UTF-8'?>
<Table class="oracle.dbtools.crest.model.design.relational.Table" directorySegmentName="seg_0" id="DE328E5F-ECD3-15B3-3CE8-3CF3BF8B239D" name="payments">
<sourceDDLFile>tst.sql</sourceDDLFile>
<createdBy>alisa</createdBy>
<createdTime>2018-04-20 09:59:35 UTC</createdTime>
<ownerDesignName>logical_model</ownerDesignName>
<importedID>DC1FDB37-41CE-DCDE-5F3F-68D452350424</importedID>
<allowColumnReorder>false</allowColumnReorder>
<existDependencyGenerateInDDl>true</existDependencyGenerateInDDl>
<parsed>true</parsed>
<columns itemClass="oracle.dbtools.crest.model.design.relational.Column">
<Column name="id" id="AFAD3CB0-349A-EBC7-10BD-99CFD6BC355E">
<sourceDDLFile>tst.sql</sourceDDLFile>
<createdBy>alisa</createdBy>
<createdTime>2018-04-20 09:59:35 UTC</createdTime>
<ownerDesignName>logical_model</ownerDesignName>
<importedID>3C1139E2-BA50-C3FD-3573-5BF9299FCB4D</importedID>
<use>0</use>
<logicalDatatype>LOGDT011</logicalDatatype>
<domain>F8F68991-DE88-D5C9-DDF4-C7ADE06483C1</domain>
<ownDataTypeParameters>,,</ownDataTypeParameters>
<autoIncrementCycle>false</autoIncrementCycle>
</Column>
<Column name="patrons_id" id="E8AB768D-92A9-950B-92C4-53E5065EACB1">
<sourceDDLFile>tst.sql</sourceDDLFile>
<createdBy>alisa</createdBy>
<createdTime>2018-04-20 09:59:35 UTC</createdTime>
<ownerDesignName>logical_model</ownerDesignName>
<importedID>39B8079B-D795-AA06-7122-3230EE77F4AD</importedID>
<use>0</use>
<logicalDatatype>LOGDT011</logicalDatatype>
<domain>F8F68991-DE88-D5C9-DDF4-C7ADE06483C1</domain>
<ownDataTypeParameters>,,</ownDataTypeParameters>
<autoIncrementCycle>false</autoIncrementCycle>
<associations>
<colAssociation fkAssociation="EDAA1665-C55A-B970-D553-F12D35A937DF" referredColumn="FE2A33B5-8BC8-14C1-4770-096B4608A993"/>
</associations>
</Column>
<Column name="amount" id="A97968E7-05E2-4CAA-A858-22AD65A7F480">
<sourceDDLFile>tst.sql</sourceDDLFile>
<createdBy>alisa</createdBy>
<createdTime>2018-04-20 09:59:35 UTC</createdTime>
<ownerDesignName>logical_model</ownerDesignName>
<importedID>18B01CB3-B3B8-6691-9DE6-662AFB44C1A0</importedID>
<nullsAllowed>true</nullsAllowed>
<use>0</use>
<logicalDatatype>LOGDT019</logicalDatatype>
<domain>7FC8BB99-2774-6650-696A-0A64D629266E</domain>
<ownDataTypeParameters>,,</ownDataTypeParameters>
<autoIncrementCycle>false</autoIncrementCycle>
</Column>
<Column name="date_add" id="0951732A-A5BD-3D8D-1915-BB69D4182E72">
<sourceDDLFile>tst.sql</sourceDDLFile>
<createdBy>alisa</createdBy>
<createdTime>2018-04-20 09:59:35 UTC</createdTime>
<ownerDesignName>logical_model</ownerDesignName>
<importedID>1BA563D7-F391-40E1-7F07-A45377D1C349</importedID>
<nullsAllowed>true</nullsAllowed>
<use>0</use>
<logicalDatatype>LOGDT007</logicalDatatype>
<domain>67DE35D5-D4CA-0CDE-D4E3-33876C152249</domain>
<defaultValue>sysdate</defaultValue>
<ownDataTypeParameters>,,</ownDataTypeParameters>
<autoIncrementCycle>false</autoIncrementCycle>
</Column>
<Column name="description" id="1544678B-8827-8079-9A07-A37E257C5AAD">
<sourceDDLFile>tst.sql</sourceDDLFile>
<createdBy>alisa</createdBy>
<createdTime>2018-04-20 09:59:35 UTC</createdTime>
<ownerDesignName>logical_model</ownerDesignName>
<importedID>626E74C6-ADBD-1CE8-3DE3-FAFD63178D0E</importedID>
<nullsAllowed>true</nullsAllowed>
<use>0</use>
<logicalDatatype>LOGDT024</logicalDatatype>
<domain>DE7D4135-FCAD-2845-FBCD-C1CC49249DBF</domain>
<ownDataTypeParameters>,,</ownDataTypeParameters>
<autoIncrementCycle>false</autoIncrementCycle>
</Column>
<Column name="loans_id" id="E0DF89C3-CEB4-7C50-41E5-9612C83D2D3E">
<sourceDDLFile>tst.sql</sourceDDLFile>
<createdBy>alisa</createdBy>
<createdTime>2018-04-20 09:59:35 UTC</createdTime>
<ownerDesignName>logical_model</ownerDesignName>
<importedID>2986A8B7-44D8-C1A7-BC25-5896D897E764</importedID>
<nullsAllowed>true</nullsAllowed>
<use>0</use>
<logicalDatatype>LOGDT011</logicalDatatype>
<domain>F8F68991-DE88-D5C9-DDF4-C7ADE06483C1</domain>
<ownDataTypeParameters>,,</ownDataTypeParameters>
<autoIncrementCycle>false</autoIncrementCycle>
</Column>
<Column name="damages_id" id="32C1B894-BDD3-A443-E72F-7A592E7F4D4A">
<sourceDDLFile>tst.sql</sourceDDLFile>
<createdBy>alisa</createdBy>
<createdTime>2018-04-20 09:59:35 UTC</createdTime>
<ownerDesignName>logical_model</ownerDesignName>
<importedID>B604C09E-833D-245C-8337-998732E70DBC</importedID>
<nullsAllowed>true</nullsAllowed>
<use>0</use>
<logicalDatatype>LOGDT011</logicalDatatype>
<domain>F8F68991-DE88-D5C9-DDF4-C7ADE06483C1</domain>
<ownDataTypeParameters>,,</ownDataTypeParameters>
<autoIncrementCycle>false</autoIncrementCycle>
</Column>
</columns>
<indexes itemClass="oracle.dbtools.crest.model.design.relational.Index">
<ind_PK_UK id="471BEE1B-A152-252D-04E0-E61401FDF62C" name="payments_pk">
<sourceDDLFile>tst.sql</sourceDDLFile>
<createdBy>alisa</createdBy>
<createdTime>2018-04-20 09:59:35 UTC</createdTime>
<ownerDesignName>logical_model</ownerDesignName>
<importedID>3C9C3A07-1D47-6C34-17A3-63379DDC3417</importedID>
<pk>true</pk>
<indexState>Primary Constraint</indexState>
<isSurrogateKey>false</isSurrogateKey>
<indexColumnUsage>
<colUsage columnID="AFAD3CB0-349A-EBC7-10BD-99CFD6BC355E"/>
</indexColumnUsage>
</ind_PK_UK>
<ind_PK_UK id="91F0B2E7-9CA0-8D40-C660-CB73EE7D5864" name="payments_patrons_fk">
<createdBy>alisa</createdBy>
<createdTime>2018-04-20 09:59:35 UTC</createdTime>
<ownerDesignName>logical_model</ownerDesignName>
<indexState>Foreign Key</indexState>
<isSurrogateKey>false</isSurrogateKey>
<indexColumnUsage>
<colUsage columnID="E8AB768D-92A9-950B-92C4-53E5065EACB1"/>
</indexColumnUsage>
</ind_PK_UK>
</indexes>
</Table>