<?xml version = '1.0' encoding = 'UTF-8'?>
<Table class="oracle.dbtools.crest.model.design.relational.Table" directorySegmentName="seg_0" id="E034D2EB-5E62-AC68-47BE-81260226F5D1" name="patrons">
<sourceDDLFile>tst.sql</sourceDDLFile>
<createdBy>alisa</createdBy>
<createdTime>2018-04-20 09:59:35 UTC</createdTime>
<ownerDesignName>logical_model</ownerDesignName>
<importedID>AF493EC3-0115-6E7C-6A2C-B61A370BD119</importedID>
<allowColumnReorder>false</allowColumnReorder>
<existDependencyGenerateInDDl>true</existDependencyGenerateInDDl>
<parsed>true</parsed>
<columns itemClass="oracle.dbtools.crest.model.design.relational.Column">
<Column name="id" id="FE2A33B5-8BC8-14C1-4770-096B4608A993">
<sourceDDLFile>tst.sql</sourceDDLFile>
<createdBy>alisa</createdBy>
<createdTime>2018-04-20 09:59:35 UTC</createdTime>
<ownerDesignName>logical_model</ownerDesignName>
<importedID>22A22327-0ADF-41FA-5F05-80963D587592</importedID>
<use>0</use>
<logicalDatatype>LOGDT011</logicalDatatype>
<domain>F8F68991-DE88-D5C9-DDF4-C7ADE06483C1</domain>
<ownDataTypeParameters>,,</ownDataTypeParameters>
<autoIncrementCycle>false</autoIncrementCycle>
</Column>
<Column name="card_number" id="31083E9C-1848-8462-EAE7-546C4A7DE786">
<sourceDDLFile>tst.sql</sourceDDLFile>
<createdBy>alisa</createdBy>
<createdTime>2018-04-20 09:59:35 UTC</createdTime>
<ownerDesignName>logical_model</ownerDesignName>
<importedID>CF2050ED-D6A3-A0CA-1B90-231BD4F71E08</importedID>
<use>0</use>
<logicalDatatype>LOGDT011</logicalDatatype>
<domain>F8F68991-DE88-D5C9-DDF4-C7ADE06483C1</domain>
<ownDataTypeParameters>,,</ownDataTypeParameters>
<autoIncrementCycle>false</autoIncrementCycle>
</Column>
<Column name="first_name" id="48E25B97-4C3A-FB38-728B-19E7FCFECE47">
<sourceDDLFile>tst.sql</sourceDDLFile>
<createdBy>alisa</createdBy>
<createdTime>2018-04-20 09:59:35 UTC</createdTime>
<ownerDesignName>logical_model</ownerDesignName>
<importedID>898074DD-B601-864B-B260-609B523605DF</importedID>
<use>0</use>
<logicalDatatype>LOGDT024</logicalDatatype>
<domain>5A38F9A3-F683-0E03-C03E-150B00311A11</domain>
<ownDataTypeParameters>,,</ownDataTypeParameters>
<autoIncrementCycle>false</autoIncrementCycle>
</Column>
<Column name="last_name" id="C2D1A21E-165F-EC8C-3680-ADDB17DACD8A">
<sourceDDLFile>tst.sql</sourceDDLFile>
<createdBy>alisa</createdBy>
<createdTime>2018-04-20 09:59:35 UTC</createdTime>
<ownerDesignName>logical_model</ownerDesignName>
<importedID>FCD9A5F3-D423-99EB-F3D2-B92C19FE0321</importedID>
<use>0</use>
<logicalDatatype>LOGDT024</logicalDatatype>
<domain>5A38F9A3-F683-0E03-C03E-150B00311A11</domain>
<ownDataTypeParameters>,,</ownDataTypeParameters>
<autoIncrementCycle>false</autoIncrementCycle>
</Column>
<Column name="address" id="C2CCC12F-44E7-1F14-7598-2C3A41939839">
<sourceDDLFile>tst.sql</sourceDDLFile>
<createdBy>alisa</createdBy>
<createdTime>2018-04-20 09:59:35 UTC</createdTime>
<ownerDesignName>logical_model</ownerDesignName>
<importedID>FC308BAD-D5E4-B650-3F49-0AEA949B48B3</importedID>
<use>0</use>
<logicalDatatype>LOGDT024</logicalDatatype>
<domain>58A341C6-510B-3AC9-FE26-764EB9E9FD37</domain>
<ownDataTypeParameters>,,</ownDataTypeParameters>
<autoIncrementCycle>false</autoIncrementCycle>
</Column>
<Column name="phone_number" id="4216DD69-CF0A-6239-6445-E9F912CA820E">
<sourceDDLFile>tst.sql</sourceDDLFile>
<createdBy>alisa</createdBy>
<createdTime>2018-04-20 09:59:35 UTC</createdTime>
<ownerDesignName>logical_model</ownerDesignName>
<importedID>34FCBB50-70AE-0AAB-0DB9-200246DAD6B1</importedID>
<nullsAllowed>true</nullsAllowed>
<use>0</use>
<logicalDatatype>LOGDT011</logicalDatatype>
<domain>F8F68991-DE88-D5C9-DDF4-C7ADE06483C1</domain>
<ownDataTypeParameters>,,</ownDataTypeParameters>
<autoIncrementCycle>false</autoIncrementCycle>
</Column>
</columns>
<indexes itemClass="oracle.dbtools.crest.model.design.relational.Index">
<ind_PK_UK id="61C4B8FA-5923-691D-B061-0CA17B9C574A" name="patrons_pk">
<sourceDDLFile>tst.sql</sourceDDLFile>
<createdBy>alisa</createdBy>
<createdTime>2018-04-20 09:59:35 UTC</createdTime>
<ownerDesignName>logical_model</ownerDesignName>
<importedID>84A64F65-3E6B-3EC8-E336-C92119A067E3</importedID>
<pk>true</pk>
<indexState>Primary Constraint</indexState>
<isSurrogateKey>false</isSurrogateKey>
<indexColumnUsage>
<colUsage columnID="FE2A33B5-8BC8-14C1-4770-096B4608A993"/>
</indexColumnUsage>
</ind_PK_UK>
</indexes>
</Table>