<?xml version = '1.0' encoding = 'UTF-8'?>
<Table class="oracle.dbtools.crest.model.design.relational.Table" directorySegmentName="seg_0" id="FFB4CB44-F59F-E477-9818-A8201D046EA6" name="items">
<sourceDDLFile>tst.sql</sourceDDLFile>
<createdBy>alisa</createdBy>
<createdTime>2018-04-20 09:59:35 UTC</createdTime>
<ownerDesignName>logical_model</ownerDesignName>
<importedID>02D4D467-B970-1354-A276-D7DEE3A1AB47</importedID>
<allowColumnReorder>false</allowColumnReorder>
<existDependencyGenerateInDDl>true</existDependencyGenerateInDDl>
<parsed>true</parsed>
<columns itemClass="oracle.dbtools.crest.model.design.relational.Column">
<Column name="id" id="8F6F40BE-10CF-7165-A76F-8531F7F1F390">
<sourceDDLFile>tst.sql</sourceDDLFile>
<createdBy>alisa</createdBy>
<createdTime>2018-04-20 09:59:35 UTC</createdTime>
<ownerDesignName>logical_model</ownerDesignName>
<importedID>885F5992-6094-1A03-ACA0-09E16384602C</importedID>
<use>0</use>
<logicalDatatype>LOGDT011</logicalDatatype>
<domain>F8F68991-DE88-D5C9-DDF4-C7ADE06483C1</domain>
<ownDataTypeParameters>,,</ownDataTypeParameters>
<autoIncrementCycle>false</autoIncrementCycle>
</Column>
<Column name="name" id="97DAAED4-22AB-B4A9-BC1A-207868883767">
<sourceDDLFile>tst.sql</sourceDDLFile>
<createdBy>alisa</createdBy>
<createdTime>2018-04-20 09:59:35 UTC</createdTime>
<ownerDesignName>logical_model</ownerDesignName>
<importedID>1C40DA92-545D-7E95-F870-8C31AD76B303</importedID>
<use>0</use>
<logicalDatatype>LOGDT024</logicalDatatype>
<domain>58A341C6-510B-3AC9-FE26-764EB9E9FD37</domain>
<ownDataTypeParameters>,,</ownDataTypeParameters>
<autoIncrementCycle>false</autoIncrementCycle>
</Column>
<Column name="category_id" id="A93DE1A5-3A79-7AC4-13CC-49CF4041CCD3">
<sourceDDLFile>tst.sql</sourceDDLFile>
<createdBy>alisa</createdBy>
<createdTime>2018-04-20 09:59:35 UTC</createdTime>
<ownerDesignName>logical_model</ownerDesignName>
<importedID>3667E87B-6646-E081-A3CF-959701F18F53</importedID>
<use>0</use>
<logicalDatatype>LOGDT011</logicalDatatype>
<domain>F8F68991-DE88-D5C9-DDF4-C7ADE06483C1</domain>
<ownDataTypeParameters>,,</ownDataTypeParameters>
<autoIncrementCycle>false</autoIncrementCycle>
<associations>
<colAssociation fkAssociation="D0E55618-4FD8-CE02-BEA7-3B31B857AFB5" referredColumn="E40D3E80-6111-EC7C-E0BA-28EEF926EB32"/>
</associations>
</Column>
</columns>
<indexes itemClass="oracle.dbtools.crest.model.design.relational.Index">
<ind_PK_UK id="955A2C03-787F-4A9A-2A44-BD006BF621A4" name="items_pk">
<sourceDDLFile>tst.sql</sourceDDLFile>
<createdBy>alisa</createdBy>
<createdTime>2018-04-20 09:59:35 UTC</createdTime>
<ownerDesignName>logical_model</ownerDesignName>
<importedID>543A95A1-34D8-F51F-FC2C-E9EC8F4EEF78</importedID>
<pk>true</pk>
<indexState>Primary Constraint</indexState>
<isSurrogateKey>false</isSurrogateKey>
<indexColumnUsage>
<colUsage columnID="8F6F40BE-10CF-7165-A76F-8531F7F1F390"/>
</indexColumnUsage>
</ind_PK_UK>
<ind_PK_UK id="046693E3-6613-C51C-1E40-18F3237D0AFF" name="items_category_fk">
<createdBy>alisa</createdBy>
<createdTime>2018-04-20 09:59:35 UTC</createdTime>
<ownerDesignName>logical_model</ownerDesignName>
<indexState>Foreign Key</indexState>
<isSurrogateKey>false</isSurrogateKey>
<indexColumnUsage>
<colUsage columnID="A93DE1A5-3A79-7AC4-13CC-49CF4041CCD3"/>
</indexColumnUsage>
</ind_PK_UK>
</indexes>
</Table>