<?xml version = '1.0' encoding = 'UTF-8'?>
<Relation class="oracle.dbtools.crest.model.design.logical.Relation" name="loans_patrons_fk" directorySegmentName="seg_0" id="128C9ABA-2C0D-F008-6F85-76428EF50668">
<createdBy>alisa</createdBy>
<createdTime>2018-04-20 10:32:51 UTC</createdTime>
<generatorID>4D752272-9B12-3080-C352-2B885258D850</generatorID>
<ownerDesignName>logical_model</ownerDesignName>
<engineerTo>
<item key="E40756F5-A91C-46CD-77FB-DF3187E2425F" value="true"/>
</engineerTo>
<sourcePk>B5012214-8B29-D596-BAED-0B8B89D9308B</sourcePk>
<identifying>false</identifying>
<optionalSource>false</optionalSource>
<optionalTarget>false</optionalTarget>
<sourceCardinality>1</sourceCardinality>
<sourceEntity>23AFADFD-9726-D510-94C1-DB3BFD0614C9</sourceEntity>
<targetCardinalityString>*</targetCardinalityString>
<targetEntity>4A1427A4-5B78-A1FA-88F3-F620D889D883</targetEntity>
<transferable>true</transferable>
<deleteRule>CASCADE</deleteRule>
</Relation>