<?xml version = '1.0' encoding = 'UTF-8'?>
<Relation class="oracle.dbtools.crest.model.design.logical.Relation" name="copies_items_fk" directorySegmentName="seg_0" id="2E9ABAAC-D5ED-F7A4-B562-84636B83CC16">
<createdBy>alisa</createdBy>
<createdTime>2018-04-20 10:32:51 UTC</createdTime>
<generatorID>7191D3A2-5AAC-28CC-C0E6-27820960330B</generatorID>
<ownerDesignName>logical_model</ownerDesignName>
<engineerTo>
<item key="E40756F5-A91C-46CD-77FB-DF3187E2425F" value="true"/>
</engineerTo>
<sourcePk>B2A25184-4F37-D2C6-53EF-6EEEE3BE3D37</sourcePk>
<identifying>false</identifying>
<optionalSource>true</optionalSource>
<optionalTarget>false</optionalTarget>
<sourceCardinality>1</sourceCardinality>
<sourceEntity>8DBFCD39-09EE-1BDD-7D30-2BC6DD0BB895</sourceEntity>
<targetCardinalityString>*</targetCardinalityString>
<targetEntity>7BF125FC-5958-1875-BD55-4867866B5DDB</targetEntity>
<transferable>true</transferable>
<deleteRule>NO ACTION</deleteRule>
</Relation>