<?xml version = '1.0' encoding = 'UTF-8'?>
<Relation class="oracle.dbtools.crest.model.design.logical.Relation" name="payments_patrons_fk" directorySegmentName="seg_0" id="32D523B4-75FD-F617-8804-1BE3CC9712B7">
<createdBy>alisa</createdBy>
<createdTime>2018-04-20 10:32:51 UTC</createdTime>
<generatorID>EDAA1665-C55A-B970-D553-F12D35A937DF</generatorID>
<ownerDesignName>logical_model</ownerDesignName>
<engineerTo>
<item key="E40756F5-A91C-46CD-77FB-DF3187E2425F" value="true"/>
</engineerTo>
<sourcePk>B5012214-8B29-D596-BAED-0B8B89D9308B</sourcePk>
<identifying>false</identifying>
<optionalSource>true</optionalSource>
<optionalTarget>false</optionalTarget>
<sourceCardinality>1</sourceCardinality>
<sourceEntity>23AFADFD-9726-D510-94C1-DB3BFD0614C9</sourceEntity>
<targetCardinalityString>*</targetCardinalityString>
<targetEntity>0184BC21-9F8E-C251-33A8-1CB67F61A58C</targetEntity>
<transferable>true</transferable>
<deleteRule>NO ACTION</deleteRule>
</Relation>