<?xml version = '1.0' encoding = 'UTF-8'?>
<Relation class="oracle.dbtools.crest.model.design.logical.Relation" name="requests_patrons_fk" directorySegmentName="seg_0" id="3AAF9A3A-2D13-EED9-C383-0C8D6DEBC6EB">
<createdBy>alisa</createdBy>
<createdTime>2018-04-20 10:32:51 UTC</createdTime>
<generatorID>998F7B3E-320F-D260-9065-BB0BBB275E8A</generatorID>
<ownerDesignName>logical_model</ownerDesignName>
<engineerTo>
<item key="E40756F5-A91C-46CD-77FB-DF3187E2425F" value="true"/>
</engineerTo>
<sourcePk>B5012214-8B29-D596-BAED-0B8B89D9308B</sourcePk>
<identifying>false</identifying>
<optionalSource>false</optionalSource>
<optionalTarget>false</optionalTarget>
<sourceCardinality>1</sourceCardinality>
<sourceEntity>23AFADFD-9726-D510-94C1-DB3BFD0614C9</sourceEntity>
<targetCardinalityString>*</targetCardinalityString>
<targetEntity>1C9824CF-E1CA-22BA-6BA4-4AA52EE85C2D</targetEntity>
<transferable>true</transferable>
<deleteRule>CASCADE</deleteRule>
</Relation>