<?xml version = '1.0' encoding = 'UTF-8'?>
<Relation class="oracle.dbtools.crest.model.design.logical.Relation" name="items_category_fk" directorySegmentName="seg_0" id="498C4615-D529-BB7F-698A-986D91651D07">
<createdBy>alisa</createdBy>
<createdTime>2018-04-20 10:32:51 UTC</createdTime>
<generatorID>D0E55618-4FD8-CE02-BEA7-3B31B857AFB5</generatorID>
<ownerDesignName>logical_model</ownerDesignName>
<engineerTo>
<item key="E40756F5-A91C-46CD-77FB-DF3187E2425F" value="true"/>
</engineerTo>
<sourcePk>28D54ED3-E41B-F823-A30B-6F96FA1300FB</sourcePk>
<identifying>false</identifying>
<optionalSource>true</optionalSource>
<optionalTarget>false</optionalTarget>
<sourceCardinality>1</sourceCardinality>
<sourceEntity>4510DF96-198B-A0D8-EEA7-A97156DD9E5D</sourceEntity>
<targetCardinalityString>*</targetCardinalityString>
<targetEntity>8DBFCD39-09EE-1BDD-7D30-2BC6DD0BB895</targetEntity>
<transferable>true</transferable>
<deleteRule>NO ACTION</deleteRule>
</Relation>