<?xml version = '1.0' encoding = 'UTF-8'?>
<Relation class="oracle.dbtools.crest.model.design.logical.Relation" name="damages_patrons_fk" directorySegmentName="seg_0" id="7D0C55FF-2600-ECC8-D01D-67030C1DD04B">
<createdBy>alisa</createdBy>
<createdTime>2018-04-20 10:32:51 UTC</createdTime>
<generatorID>EE0A37DE-7F07-C1FA-A63B-E2A564485E9C</generatorID>
<ownerDesignName>logical_model</ownerDesignName>
<engineerTo>
<item key="E40756F5-A91C-46CD-77FB-DF3187E2425F" value="true"/>
</engineerTo>
<sourcePk>B5012214-8B29-D596-BAED-0B8B89D9308B</sourcePk>
<identifying>false</identifying>
<optionalSource>true</optionalSource>
<optionalTarget>false</optionalTarget>
<sourceCardinality>1</sourceCardinality>
<sourceEntity>23AFADFD-9726-D510-94C1-DB3BFD0614C9</sourceEntity>
<targetCardinalityString>*</targetCardinalityString>
<targetEntity>55A3E112-AFF8-DE92-0E3A-E4F38C8D90B4</targetEntity>
<transferable>true</transferable>
<deleteRule>NO ACTION</deleteRule>
</Relation>