<?xml version = '1.0' encoding = 'UTF-8'?>
<Relation class="oracle.dbtools.crest.model.design.logical.Relation" name="loans_copies_fk" directorySegmentName="seg_0" id="8084F07B-CC96-69DA-8B2C-1ED5AE944FD3">
<createdBy>alisa</createdBy>
<createdTime>2018-04-20 10:32:51 UTC</createdTime>
<generatorID>93B684B5-D0BF-2A6F-AE40-EE892ED3709B</generatorID>
<ownerDesignName>logical_model</ownerDesignName>
<engineerTo>
<item key="E40756F5-A91C-46CD-77FB-DF3187E2425F" value="true"/>
</engineerTo>
<sourcePk>BD5EDF64-298E-A04A-FCA1-651DA62815F1</sourcePk>
<identifying>false</identifying>
<optionalSource>true</optionalSource>
<optionalTarget>false</optionalTarget>
<sourceCardinality>1</sourceCardinality>
<sourceEntity>7BF125FC-5958-1875-BD55-4867866B5DDB</sourceEntity>
<targetCardinalityString>*</targetCardinalityString>
<targetEntity>4A1427A4-5B78-A1FA-88F3-F620D889D883</targetEntity>
<transferable>true</transferable>
<deleteRule>NO ACTION</deleteRule>
</Relation>