<?xml version = '1.0' encoding = 'UTF-8'?>
<Relation class="oracle.dbtools.crest.model.design.logical.Relation" name="requests_items_fk" directorySegmentName="seg_0" id="A67B6705-0F19-3F89-8245-6F6EDB91B4A7">
<createdBy>alisa</createdBy>
<createdTime>2018-04-20 10:32:51 UTC</createdTime>
<generatorID>5D9D062C-8120-A5AB-2C9A-2683792DD8C7</generatorID>
<ownerDesignName>logical_model</ownerDesignName>
<engineerTo>
<item key="E40756F5-A91C-46CD-77FB-DF3187E2425F" value="true"/>
</engineerTo>
<sourcePk>B2A25184-4F37-D2C6-53EF-6EEEE3BE3D37</sourcePk>
<identifying>false</identifying>
<optionalSource>true</optionalSource>
<optionalTarget>false</optionalTarget>
<sourceCardinality>1</sourceCardinality>
<sourceEntity>8DBFCD39-09EE-1BDD-7D30-2BC6DD0BB895</sourceEntity>
<targetCardinalityString>*</targetCardinalityString>
<targetEntity>1C9824CF-E1CA-22BA-6BA4-4AA52EE85C2D</targetEntity>
<transferable>true</transferable>
<deleteRule>NO ACTION</deleteRule>
</Relation>