<?xml version = '1.0' encoding = 'UTF-8'?>
<Relation class="oracle.dbtools.crest.model.design.logical.Relation" name="damages_copies_fk" directorySegmentName="seg_0" id="AD46783C-5F96-4347-9A7F-07C37EAE1F1E">
<createdBy>alisa</createdBy>
<createdTime>2018-04-20 10:32:51 UTC</createdTime>
<generatorID>619C22E8-D545-F198-7F53-99AEEA397268</generatorID>
<ownerDesignName>logical_model</ownerDesignName>
<engineerTo>
<item key="E40756F5-A91C-46CD-77FB-DF3187E2425F" value="true"/>
</engineerTo>
<sourcePk>BD5EDF64-298E-A04A-FCA1-651DA62815F1</sourcePk>
<identifying>false</identifying>
<optionalSource>true</optionalSource>
<optionalTarget>false</optionalTarget>
<sourceCardinality>1</sourceCardinality>
<sourceEntity>7BF125FC-5958-1875-BD55-4867866B5DDB</sourceEntity>
<targetCardinalityString>*</targetCardinalityString>
<targetEntity>55A3E112-AFF8-DE92-0E3A-E4F38C8D90B4</targetEntity>
<transferable>true</transferable>
<deleteRule>NO ACTION</deleteRule>
</Relation>