<?xml version = '1.0' encoding = 'UTF-8'?>
<DomainFile class="oracle.dbtools.crest.model.design.DomainFileWrapper" fileName="Export_Domains">
   <domains>
      <Domain class="oracle.dbtools.crest.model.design.Domain" name="VARCHAR_0_0_30" id="0CAA65E6-5A21-7BED-3B00-346F7C4D8CC6">
         <createdBy>alisa</createdBy>
         <createdTime>2018-04-20 09:51:23 UTC</createdTime>
         <ownerDesignName>logical_model</ownerDesignName>
         <avTSortOrder>0</avTSortOrder>
         <dataTypePrecision>0</dataTypePrecision>
         <dataTypeScale>0</dataTypeScale>
         <dataTypeSize>30</dataTypeSize>
         <fileName>Export_Domains</fileName>
         <logicalDatatype>LOGDT024</logicalDatatype>
      </Domain>
      <Domain class="oracle.dbtools.crest.model.design.Domain" name="VARCHAR_0_0_200" id="58A341C6-510B-3AC9-FE26-764EB9E9FD37">
         <createdBy>alisa</createdBy>
         <createdTime>2018-04-20 09:51:23 UTC</createdTime>
         <ownerDesignName>logical_model</ownerDesignName>
         <avTSortOrder>0</avTSortOrder>
         <dataTypePrecision>0</dataTypePrecision>
         <dataTypeScale>0</dataTypeScale>
         <dataTypeSize>200</dataTypeSize>
         <fileName>Export_Domains</fileName>
         <logicalDatatype>LOGDT024</logicalDatatype>
      </Domain>
      <Domain class="oracle.dbtools.crest.model.design.Domain" name="VARCHAR_0_0_40" id="5A38F9A3-F683-0E03-C03E-150B00311A11">
         <createdBy>alisa</createdBy>
         <createdTime>2018-04-20 09:51:23 UTC</createdTime>
         <ownerDesignName>logical_model</ownerDesignName>
         <avTSortOrder>0</avTSortOrder>
         <dataTypePrecision>0</dataTypePrecision>
         <dataTypeScale>0</dataTypeScale>
         <dataTypeSize>40</dataTypeSize>
         <fileName>Export_Domains</fileName>
         <logicalDatatype>LOGDT024</logicalDatatype>
      </Domain>
      <Domain class="oracle.dbtools.crest.model.design.Domain" name="Date_0_0_0" id="67DE35D5-D4CA-0CDE-D4E3-33876C152249">
         <createdBy>alisa</createdBy>
         <createdTime>2018-04-20 09:51:23 UTC</createdTime>
         <ownerDesignName>logical_model</ownerDesignName>
         <avTSortOrder>0</avTSortOrder>
         <fileName>Export_Domains</fileName>
         <logicalDatatype>LOGDT007</logicalDatatype>
      </Domain>
      <Domain class="oracle.dbtools.crest.model.design.Domain" name="FLOAT_0_0_0" id="A6B593A7-76A8-6ACF-D6AD-5505B35DEB1E">
         <createdBy>alisa</createdBy>
         <createdTime>2018-04-20 09:51:23 UTC</createdTime>
         <ownerDesignName>logical_model</ownerDesignName>
         <avTSortOrder>0</avTSortOrder>
         <fileName>Export_Domains</fileName>
         <logicalDatatype>LOGDT021</logicalDatatype>
      </Domain>
      <Domain class="oracle.dbtools.crest.model.design.Domain" name="VARCHAR_0_0_100" id="DE7D4135-FCAD-2845-FBCD-C1CC49249DBF">
         <createdBy>alisa</createdBy>
         <createdTime>2018-04-20 09:51:23 UTC</createdTime>
         <ownerDesignName>logical_model</ownerDesignName>
         <avTSortOrder>0</avTSortOrder>
         <dataTypePrecision>0</dataTypePrecision>
         <dataTypeScale>0</dataTypeScale>
         <dataTypeSize>100</dataTypeSize>
         <fileName>Export_Domains</fileName>
         <logicalDatatype>LOGDT024</logicalDatatype>
      </Domain>
      <Domain class="oracle.dbtools.crest.model.design.Domain" name="Integer_0_0_0" id="F8F68991-DE88-D5C9-DDF4-C7ADE06483C1">
         <createdBy>alisa</createdBy>
         <createdTime>2018-04-20 09:51:23 UTC</createdTime>
         <ownerDesignName>logical_model</ownerDesignName>
         <avTSortOrder>0</avTSortOrder>
         <fileName>Export_Domains</fileName>
         <logicalDatatype>LOGDT011</logicalDatatype>
      </Domain>
   </domains>
</DomainFile>
