<?xml version = '1.0' encoding = 'UTF-8'?>
<DomainFile class="oracle.dbtools.crest.model.design.DomainFileWrapper" fileName="tst_Domains">
   <domains>
      <Domain class="oracle.dbtools.crest.model.design.Domain" name="NUMERIC_8_2_0" id="7FC8BB99-2774-6650-696A-0A64D629266E">
         <createdBy>alisa</createdBy>
         <createdTime>2018-04-20 09:59:35 UTC</createdTime>
         <ownerDesignName>logical_model</ownerDesignName>
         <avTSortOrder>0</avTSortOrder>
         <dataTypePrecision>8</dataTypePrecision>
         <dataTypeScale>2</dataTypeScale>
         <dataTypeSize>0</dataTypeSize>
         <fileName>tst_Domains</fileName>
         <logicalDatatype>LOGDT019</logicalDatatype>
      </Domain>
      <Domain class="oracle.dbtools.crest.model.design.Domain" name="VARCHAR_0_0_20" id="F24BF842-7680-F8CF-D542-602521E3362B">
         <createdBy>alisa</createdBy>
         <createdTime>2018-04-20 09:59:35 UTC</createdTime>
         <ownerDesignName>logical_model</ownerDesignName>
         <avTSortOrder>0</avTSortOrder>
         <dataTypePrecision>0</dataTypePrecision>
         <dataTypeScale>0</dataTypeScale>
         <dataTypeSize>20</dataTypeSize>
         <fileName>tst_Domains</fileName>
         <logicalDatatype>LOGDT024</logicalDatatype>
      </Domain>
   </domains>
</DomainFile>
