<?xml version = '1.0' encoding = 'UTF-8'?>
<Entity class="oracle.dbtools.crest.model.design.logical.Entity" directorySegmentName="seg_0" id="1C9824CF-E1CA-22BA-6BA4-4AA52EE85C2D" name="requests">
<createdBy>alisa</createdBy>
<createdTime>2018-04-20 10:32:51 UTC</createdTime>
<generatorID>66E41DF4-6A04-BD37-CFF1-D97F90A2F1C2</generatorID>
<ownerDesignName>logical_model</ownerDesignName>
<engineerTo>
<item key="E40756F5-A91C-46CD-77FB-DF3187E2425F" value="true"/>
</engineerTo>
<adequatelyNormalized>NO</adequatelyNormalized>
<expectedVolumes>0</expectedVolumes>
<fwdEngineeringStrategyName>Single Table</fwdEngineeringStrategyName>
<growthPercent>0</growthPercent>
<growthType>Year</growthType>
<maxVolumes>9999999</maxVolumes>
<minVolumes>0</minVolumes>
<normalForm>Third</normalForm>
<attributes itemClass="oracle.dbtools.crest.model.design.logical.Attribute">
<Attribute name="id" id="4CE398AD-6EEB-20A1-4384-FFB52327F411">
<createdBy>alisa</createdBy>
<createdTime>2018-04-20 10:32:51 UTC</createdTime>
<generatorID>9EF2DABA-D17F-FC1A-C0C5-8B27D12F3676</generatorID>
<ownerDesignName>logical_model</ownerDesignName>
<engineerTo>
<item key="E40756F5-A91C-46CD-77FB-DF3187E2425F" value="true"/>
</engineerTo>
<use>0</use>
<logicalDatatype>LOGDT011</logicalDatatype>
<domain>F8F68991-DE88-D5C9-DDF4-C7ADE06483C1</domain>
<ownDataTypeParameters>,,</ownDataTypeParameters>
</Attribute>
<Attribute name="date add" id="4BB9033E-5E08-78F5-EE85-A22A8A065569">
<createdBy>alisa</createdBy>
<createdTime>2018-04-20 10:32:51 UTC</createdTime>
<generatorID>2C5324D4-49B4-4F19-FCD9-981CA17A5C3D</generatorID>
<ownerDesignName>logical_model</ownerDesignName>
<engineerTo>
<item key="E40756F5-A91C-46CD-77FB-DF3187E2425F" value="true"/>
</engineerTo>
<use>0</use>
<logicalDatatype>LOGDT007</logicalDatatype>
<domain>67DE35D5-D4CA-0CDE-D4E3-33876C152249</domain>
<defaultValue>SYSDATE</defaultValue>
<ownDataTypeParameters>,,</ownDataTypeParameters>
</Attribute>
<Attribute name="patrons id" id="50F752D2-B32A-BC5F-FE9E-2477EB2F3C5E">
<createdBy>alisa</createdBy>
<createdTime>2018-04-20 10:32:51 UTC</createdTime>
<generatorID>3AAF9A3A-2D13-EED9-C383-0C8D6DEBC6EB</generatorID>
<ownerDesignName>logical_model</ownerDesignName>
<engineerTo>
<item key="E40756F5-A91C-46CD-77FB-DF3187E2425F" value="true"/>
</engineerTo>
<referedAttribute>74A46ACD-FE08-5B68-D545-093A8076E309</referedAttribute>
<use>0</use>
<logicalDatatype>LOGDT011</logicalDatatype>
<domain>F8F68991-DE88-D5C9-DDF4-C7ADE06483C1</domain>
<ownDataTypeParameters>,,</ownDataTypeParameters>
</Attribute>
<Attribute name="items id" id="A26D2C4C-6909-6221-0DEA-8999FF1ACEFF">
<createdBy>alisa</createdBy>
<createdTime>2018-04-20 10:32:51 UTC</createdTime>
<generatorID>A67B6705-0F19-3F89-8245-6F6EDB91B4A7</generatorID>
<ownerDesignName>logical_model</ownerDesignName>
<engineerTo>
<item key="E40756F5-A91C-46CD-77FB-DF3187E2425F" value="true"/>
</engineerTo>
<referedAttribute>026C4799-0FA4-7DFF-B2C7-A8ACA00E9C51</referedAttribute>
<use>0</use>
<logicalDatatype>LOGDT011</logicalDatatype>
<domain>F8F68991-DE88-D5C9-DDF4-C7ADE06483C1</domain>
<ownDataTypeParameters>,,</ownDataTypeParameters>
</Attribute>
</attributes>
<identifiers itemClass="oracle.dbtools.crest.model.design.logical.CandidateKey">
<identifier id="1BA1752D-5717-25E3-E646-B57E9E51F48F" name="requests pk">
<createdBy>alisa</createdBy>
<createdTime>2018-04-20 10:32:51 UTC</createdTime>
<generatorID>3B6991F2-4282-6988-6FFF-ABC1B7F7AC65</generatorID>
<ownerDesignName>logical_model</ownerDesignName>
<engineerTo>
<item key="E40756F5-A91C-46CD-77FB-DF3187E2425F" value="true"/>
</engineerTo>
<pk>true</pk>
<usedAttributes>
<attributeRef>4CE398AD-6EEB-20A1-4384-FFB52327F411</attributeRef>
</usedAttributes>
</identifier>
</identifiers>
</Entity>