<?xml version = '1.0' encoding = 'UTF-8'?>
<TableProxyOraclev11g class="oracle.dbtools.crest.model.design.storage.oracle.v11g.TableProxyOraclev11g" name="copies" directorySegmentName="seg_0" id="88FF5311-7D23-0068-7F57-80E4CAAD0988">
<createdBy>alisa</createdBy>
<createdTime>2018-04-20 09:58:57 UTC</createdTime>
<ownerDesignName>logical_model</ownerDesignName>
<logging>YES</logging>
<partitionedRowMovement>DISABLE</partitionedRowMovement>
<temporaryChanged>false</temporaryChanged>
<accessDriverType>oracle_loader</accessDriverType>
<rejectLimit></rejectLimit>
<columnProxies itemClass="oracle.dbtools.crest.model.design.storage.oracle.v12c.ColumnProxyOraclev12c">
<ColumnProxy name="status" id="68A1BAF5-62F4-E734-0023-EA336F97EAC0">
<createdBy>alisa</createdBy>
<createdTime>2018-04-20 09:58:57 UTC</createdTime>
<ownerDesignName>logical_model</ownerDesignName>
</ColumnProxy>
<ColumnProxy name="item_id" id="8E77EDCB-39FC-F5C4-F00E-476BBF71867C">
<createdBy>alisa</createdBy>
<createdTime>2018-04-20 09:58:57 UTC</createdTime>
<ownerDesignName>logical_model</ownerDesignName>
</ColumnProxy>
<ColumnProxy name="condition" id="9C4A00C8-B4A8-4AA6-7EDD-C40F8160C0F0">
<createdBy>alisa</createdBy>
<createdTime>2018-04-20 09:58:57 UTC</createdTime>
<ownerDesignName>logical_model</ownerDesignName>
</ColumnProxy>
<ColumnProxy name="id" id="B1EBC139-1128-49D7-A4DB-8E4D253C81A2">
<createdBy>alisa</createdBy>
<createdTime>2018-04-20 09:58:57 UTC</createdTime>
<ownerDesignName>logical_model</ownerDesignName>
</ColumnProxy>
</columnProxies>
<foreignKeys>
<ForeignKey class="oracle.dbtools.crest.model.design.storage.oracle.v10g.FKProxyOraclev10g" name="copies_items_fk" id="76F90058-DEA0-2BB3-72EB-173E7D6DB3DD">
<createdBy>alisa</createdBy>
<createdTime>2018-04-20 09:58:57 UTC</createdTime>
<ownerDesignName>logical_model</ownerDesignName>
</ForeignKey>
</foreignKeys>
<primaryKeys>
<PrimaryKey class="oracle.dbtools.crest.model.design.storage.oracle.v10g.PKProxyOraclev10g" name="items_pkv5" id="4144A540-D8FB-374A-F26C-5703AE4AE014">
<createdBy>alisa</createdBy>
<createdTime>2018-04-20 09:58:57 UTC</createdTime>
<ownerDesignName>logical_model</ownerDesignName>
<indexSort>SORTED</indexSort>
</PrimaryKey>
</primaryKeys>
</TableProxyOraclev11g>