<?xml version = '1.0' encoding = 'UTF-8'?>
<TableProxyOraclev11g class="oracle.dbtools.crest.model.design.storage.oracle.v11g.TableProxyOraclev11g" name="payments" directorySegmentName="seg_0" id="DE328E5F-ECD3-15B3-3CE8-3CF3BF8B239D">
<createdBy>alisa</createdBy>
<createdTime>2018-04-20 09:58:57 UTC</createdTime>
<ownerDesignName>logical_model</ownerDesignName>
<logging>YES</logging>
<partitionedRowMovement>DISABLE</partitionedRowMovement>
<temporaryChanged>false</temporaryChanged>
<accessDriverType>oracle_loader</accessDriverType>
<rejectLimit></rejectLimit>
<columnProxies itemClass="oracle.dbtools.crest.model.design.storage.oracle.v12c.ColumnProxyOraclev12c">
<ColumnProxy name="date_add" id="0951732A-A5BD-3D8D-1915-BB69D4182E72">
<createdBy>alisa</createdBy>
<createdTime>2018-04-20 09:58:57 UTC</createdTime>
<ownerDesignName>logical_model</ownerDesignName>
<defaultValue>sysdate</defaultValue>
</ColumnProxy>
<ColumnProxy name="description" id="1544678B-8827-8079-9A07-A37E257C5AAD">
<createdBy>alisa</createdBy>
<createdTime>2018-04-20 09:58:57 UTC</createdTime>
<ownerDesignName>logical_model</ownerDesignName>
</ColumnProxy>
<ColumnProxy name="damages_id" id="32C1B894-BDD3-A443-E72F-7A592E7F4D4A">
<createdBy>alisa</createdBy>
<createdTime>2018-04-20 09:58:57 UTC</createdTime>
<ownerDesignName>logical_model</ownerDesignName>
</ColumnProxy>
<ColumnProxy name="amount" id="A97968E7-05E2-4CAA-A858-22AD65A7F480">
<createdBy>alisa</createdBy>
<createdTime>2018-04-20 09:58:57 UTC</createdTime>
<ownerDesignName>logical_model</ownerDesignName>
</ColumnProxy>
<ColumnProxy name="id" id="AFAD3CB0-349A-EBC7-10BD-99CFD6BC355E">
<createdBy>alisa</createdBy>
<createdTime>2018-04-20 09:58:57 UTC</createdTime>
<ownerDesignName>logical_model</ownerDesignName>
</ColumnProxy>
<ColumnProxy name="loans_id" id="E0DF89C3-CEB4-7C50-41E5-9612C83D2D3E">
<createdBy>alisa</createdBy>
<createdTime>2018-04-20 09:58:57 UTC</createdTime>
<ownerDesignName>logical_model</ownerDesignName>
</ColumnProxy>
<ColumnProxy name="patrons_id" id="E8AB768D-92A9-950B-92C4-53E5065EACB1">
<createdBy>alisa</createdBy>
<createdTime>2018-04-20 09:58:57 UTC</createdTime>
<ownerDesignName>logical_model</ownerDesignName>
</ColumnProxy>
</columnProxies>
<foreignKeys>
<ForeignKey class="oracle.dbtools.crest.model.design.storage.oracle.v10g.FKProxyOraclev10g" name="payments_patrons_fk" id="91F0B2E7-9CA0-8D40-C660-CB73EE7D5864">
<createdBy>alisa</createdBy>
<createdTime>2018-04-20 09:58:57 UTC</createdTime>
<ownerDesignName>logical_model</ownerDesignName>
</ForeignKey>
</foreignKeys>
<primaryKeys>
<PrimaryKey class="oracle.dbtools.crest.model.design.storage.oracle.v10g.PKProxyOraclev10g" name="payments_pk" id="471BEE1B-A152-252D-04E0-E61401FDF62C">
<createdBy>alisa</createdBy>
<createdTime>2018-04-20 09:58:57 UTC</createdTime>
<ownerDesignName>logical_model</ownerDesignName>
<indexSort>SORTED</indexSort>
</PrimaryKey>
</primaryKeys>
</TableProxyOraclev11g>