<?xml version = '1.0' encoding = 'UTF-8'?>
<TableProxyOraclev11g class="oracle.dbtools.crest.model.design.storage.oracle.v11g.TableProxyOraclev11g" name="dic_condition" directorySegmentName="seg_0" id="F4F85632-EF54-BE53-41BC-6412F8ED8B4C">
<createdBy>alisa</createdBy>
<createdTime>2018-04-20 09:58:57 UTC</createdTime>
<ownerDesignName>logical_model</ownerDesignName>
<logging>YES</logging>
<partitionedRowMovement>DISABLE</partitionedRowMovement>
<temporaryChanged>false</temporaryChanged>
<accessDriverType>oracle_loader</accessDriverType>
<rejectLimit></rejectLimit>
<columnProxies itemClass="oracle.dbtools.crest.model.design.storage.oracle.v12c.ColumnProxyOraclev12c">
<ColumnProxy name="name" id="5E4756F7-5005-A686-1ACD-9E431ABB4269">
<createdBy>alisa</createdBy>
<createdTime>2018-04-20 09:58:57 UTC</createdTime>
<ownerDesignName>logical_model</ownerDesignName>
</ColumnProxy>
<ColumnProxy name="id" id="B52B0F26-C638-0446-EE5A-792308C82261">
<createdBy>alisa</createdBy>
<createdTime>2018-04-20 09:58:57 UTC</createdTime>
<ownerDesignName>logical_model</ownerDesignName>
</ColumnProxy>
</columnProxies>
<primaryKeys>
<PrimaryKey class="oracle.dbtools.crest.model.design.storage.oracle.v10g.PKProxyOraclev10g" name="dic_condition_pk" id="1CD0E06B-D72E-2BCB-A9CC-26EDEB0392E6">
<createdBy>alisa</createdBy>
<createdTime>2018-04-20 09:58:57 UTC</createdTime>
<ownerDesignName>logical_model</ownerDesignName>
<indexSort>SORTED</indexSort>
</PrimaryKey>
</primaryKeys>
</TableProxyOraclev11g>