<?xml version = '1.0' encoding = 'UTF-8'?>
<TableProxyOraclev11g class="oracle.dbtools.crest.model.design.storage.oracle.v11g.TableProxyOraclev11g" name="category" directorySegmentName="seg_0" id="F61D9DFD-CE9D-5284-E1C3-C002F36D43FB">
<createdBy>alisa</createdBy>
<createdTime>2018-04-20 09:58:57 UTC</createdTime>
<ownerDesignName>logical_model</ownerDesignName>
<logging>YES</logging>
<partitionedRowMovement>DISABLE</partitionedRowMovement>
<temporaryChanged>false</temporaryChanged>
<accessDriverType>oracle_loader</accessDriverType>
<rejectLimit></rejectLimit>
<columnProxies itemClass="oracle.dbtools.crest.model.design.storage.oracle.v12c.ColumnProxyOraclev12c">
<ColumnProxy name="number_renewals_allowed" id="55203561-8AD2-0CF6-D67B-35F9CE61147F">
<createdBy>alisa</createdBy>
<createdTime>2018-04-20 09:58:57 UTC</createdTime>
<ownerDesignName>logical_model</ownerDesignName>
</ColumnProxy>
<ColumnProxy name="fine_per_day" id="7AF4ED5F-35DF-41DB-AE8C-5C9A89269D85">
<createdBy>alisa</createdBy>
<createdTime>2018-04-20 09:58:57 UTC</createdTime>
<ownerDesignName>logical_model</ownerDesignName>
<defaultValue>0</defaultValue>
</ColumnProxy>
<ColumnProxy name="checkout_period" id="801F140A-D5BF-9CC5-C69D-F27B11503035">
<createdBy>alisa</createdBy>
<createdTime>2018-04-20 09:58:57 UTC</createdTime>
<ownerDesignName>logical_model</ownerDesignName>
</ColumnProxy>
<ColumnProxy name="name" id="C6B37D69-A10A-E3F1-B226-98437F8E651D">
<createdBy>alisa</createdBy>
<createdTime>2018-04-20 09:58:57 UTC</createdTime>
<ownerDesignName>logical_model</ownerDesignName>
</ColumnProxy>
<ColumnProxy name="id" id="E40D3E80-6111-EC7C-E0BA-28EEF926EB32">
<createdBy>alisa</createdBy>
<createdTime>2018-04-20 09:58:57 UTC</createdTime>
<ownerDesignName>logical_model</ownerDesignName>
</ColumnProxy>
</columnProxies>
<primaryKeys>
<PrimaryKey class="oracle.dbtools.crest.model.design.storage.oracle.v10g.PKProxyOraclev10g" name="category_pk" id="410B1D6E-1892-0125-031A-D4316AD57A88">
<createdBy>alisa</createdBy>
<createdTime>2018-04-20 09:58:57 UTC</createdTime>
<ownerDesignName>logical_model</ownerDesignName>
<indexSort>SORTED</indexSort>
</PrimaryKey>
</primaryKeys>
</TableProxyOraclev11g>